Date,Events
1908-09-17,1
1912-07-12,1
1913-08-06,1
1913-09-09,1
1913-10-17,1
1915-03-05,1
1915-09-03,1
1916-07-28,1
1916-09-24,1
1916-10-01,1
1916-11-21,1
1916-11-28,1
1917-03-04,1
1917-03-30,1
1917-05-14,1
1917-06-14,1
1917-08-21,1
1917-10-20,1
1918-04-07,1
1918-05-10,1
1918-08-11,1
1918-12-16,1
1919-05-25,1
1919-07-19,1
1919-10-02,1
1919-10-14,1
1919-10-20,1
1919-10-30,1
1920-03-10,1
1920-03-30,1
1920-04-10,1
1920-04-11,1
1920-05-12,1
1920-06-06,1
1920-08-16,2
1920-08-16,1
1920-09-01,1
1920-09-15,1
1920-09-27,1
1920-10-02,1
1920-10-05,1
1920-10-15,1
1920-11-07,1
1920-12-14,1
1920-12-24,1
1921-02-03,1
1921-02-09,1
1921-02-15,1
1921-02-22,1
1921-04-06,1
1921-04-21,1
1921-04-29,1
1921-05-17,1
1921-07-16,1
1921-08-14,1
1921-08-24,1
1921-09-06,1
1921-12-05,1
1922-01-14,1
1922-02-21,1
1922-04-07,1
1922-04-08,1
1922-04-13,1
1925-10-01,1
1922-06-03,1
1922-07-26,1
1922-09-07,1
1922-10-02,1
1922-10-25,1
1922-12-03,1
1923-01-10,1
1923-01-17,1
1923-01-18,1
1923-02-26,1
1923-05-14,1
1923-08-27,1
1923-09-07,1
1923-09-14,1
1923-11-18,1
1923-12-06,1
1923-12-23,1
1923-12-24,1
1924-03-07,1
1924-04-24,1
1924-06-08,1
1924-08-01,1
1924-11-06,1
1924-12-21,1
1924-12-24,1
1925-03-22,1
1925-04-25,1
1925-05-25,1
1925-06-25,1
1925-06-26,1
1925-07-20,1
1925-07-24,1
1925-09-03,1
1925-09-07,1
1925-11-14,1
1926-02-12,1
1926-03-08,1
1926-05-31,1
1926-07-03,1
1926-07-09,1
1926-07-24,1
1926-08-18,1
1926-09-26,1
1926-10-08,1
1926-10-21,1
1926-11-11,1
1926-12-16,1
1927-01-12,1
1927-03-20,1
1927-03-24,1
1927-04-15,2
1927-04-22,1
1927-04-22,1
1927-05-02,1
1927-07-27,1
1927-08-22,1
1927-09-03,1
1927-09-17,1
1927-09-22,1
1927-09-23,1
1927-10-06,2
1927-10-30,1
1927-11-16,1
1927-11-16,1
1927-11-29,1
1927-12-26,1
1927-12-28,1
1927-12-31,2
1928-01-08,1
1928-01-16,1
1928-01-22,1
1928-01-22,1
1928-01-27,1
1928-02-26,1
1928-03-03,1
1928-03-11,1
1928-04-17,1
1928-04-19,1
1928-05-07,1
1928-05-12,1
1928-05-26,1
1928-06-14,1
1928-06-22,1
1928-07-10,1
1928-07-13,2
1928-07-24,1
1928-08-25,1
1928-09-02,1
1928-09-04,1
1928-09-04,1
1928-09-06,1
1928-10-04,2
1928-10-18,1
1928-10-31,1
1928-11-15,1
1928-11-24,1
1928-11-25,1
1928-11-25,1
1928-12-01,1
1928-12-03,1
1928-12-04,1
1928-12-11,1
1928-12-20,2
1928-12-23,1
1928-12-31,1
1929-01-05,1
1929-01-18,1
1929-01-25,1
1929-01-31,1
1929-01-31,1
1929-03-17,1
1929-03-30,1
1929-04-21,2
1929-05-18,1
1929-05-22,1
1929-06-10,2
1929-06-14,1
1929-06-17,1
1929-06-24,1
1929-06-29,3
1929-06-29,1
1929-08-11,1
1929-08-13,1
1929-08-24,1
1929-08-24,1
1929-09-02,1
1929-09-03,1
1929-09-06,1
1929-09-17,1
1929-09-17,1
1929-09-17,1
1929-10-26,1
1929-10-29,1
1929-10-31,1
1929-11-04,1
1929-11-06,1
1929-11-15,1
1929-11-30,1
1929-12-02,1
1929-12-14,1
1929-12-19,1
1929-12-30,1
1930-01-10,1
1930-01-13,1
1930-01-19,1
1930-01-25,1
1930-01-27,1
1930-02-03,1
1930-02-10,1
1930-04-18,1
1930-05-10,2
1930-06-05,1
1930-07-07,1
1930-07-10,1
1930-08-22,1
1930-09-11,1
1930-09-25,1
1930-10-05,1
1930-10-06,1
1930-10-12,1
1930-10-28,1
1930-10-30,1
1930-10-30,1
1930-11-07,1
1930-11-18,1
1930-12-09,1
1931-01-08,1
1931-01-22,1
1931-02-08,1
1931-02-20,1
1931-02-24,1
1931-03-21,1
1931-03-31,1
1931-04-14,1
1931-05-05,1
1931-05-22,1
1931-05-24,1
1931-06-07,1
1931-06-11,1
1931-06-13,1
1931-07-12,1
1931-07-14,1
1931-07-21,1
1931-07-24,1
1931-08-09,1
1931-09-14,1
1931-09-16,1
1931-10-06,1
1931-10-14,1
1931-11-05,2
1931-11-13,1
1931-11-23,1
1931-11-24,1
1931-11-26,1
1931-12-05,1
1931-12-06,1
1931-12-09,1
1931-12-31,1
1932-01-21,1
1932-01-29,1
1932-02-01,1
1932-02-02,1
1932-02-02,1
1932-02-27,1
1932-03-08,1
1932-03-19,1
1932-03-21,1
1932-03-29,1
1932-03-31,1
1932-04-21,1
1932-05-03,2
1932-05-16,1
1932-07-16,1
1932-08-12,1
1932-08-30,2
1932-09-08,1
1932-09-17,1
1932-09-18,1
1932-10-12,1
1932-10-26,1
1932-10-29,1
1932-11-02,1
1932-11-25,1
1932-12-14,1
1932-12-14,1
1932-12-26,1
1933-01-10,1
1933-01-14,1
1933-01-20,1
1933-01-20,1
1933-01-24,1
1933-03-11,1
1933-03-25,1
1933-03-28,1
1933-04-03,1
1933-04-04,1
1933-04-23,1
1933-04-29,1
1933-05-09,1
1933-06-02,1
1933-08-29,1
1933-09-12,1
1933-10-10,1
1933-10-31,1
1933-11-09,1
1933-11-10,1
1933-11-20,1
1933-11-21,1
1933-11-24,1
1933-12-11,1
1933-12-14,1
1933-12-30,1
1934-01-15,1
1934-01-20,1
1934-02-23,1
1934-02-26,1
1934-03-06,1
1934-03-10,1
1934-03-22,1
1934-04-10,3
1934-05-09,1
1934-05-31,1
1934-06-09,1
1934-06-11,1
1934-06-22,1
1934-06-23,1
1934-07-09,1
1934-07-27,1
1934-08-05,1
1934-08-10,1
1934-08-31,1
1934-10-03,1
1934-10-19,1
1934-11-02,1
1934-11-15,2
1934-11-15,1
1934-11-15,1
1934-12-07,1
1934-12-08,1
1934-12-10,1
1934-12-20,1
1934-12-22,1
1935-01-26,1
1935-01-31,1
1935-03-07,2
1935-03-15,1
1935-03-29,1
1935-04-01,1
1935-04-06,1
1935-05-01,1
1935-05-06,1
1935-05-18,1
1935-05-18,2
1935-05-27,1
1935-05-28,1
1935-05-29,1
1935-06-24,1
1935-07-14,1
1935-07-19,1
1935-07-20,1
1935-08-13,1
1935-08-14,1
1935-08-15,1
1935-08-15,1
1935-09-01,1
1935-10-02,1
1935-10-07,1
1935-10-09,1
1935-10-21,1
1935-10-30,1
1935-11-02,1
1935-11-09,1
1935-11-09,1
1935-11-11,1
1935-12-04,1
1935-12-10,1
1935-12-24,1
1935-12-31,1
1936-01-14,1
1936-01-17,1
1936-01-21,1
1936-01-29,1
1936-02-15,1
1936-03-05,1
1936-03-26,1
1936-04-01,1
1936-04-07,1
1936-04-11,1
1936-04-15,1
1936-04-17,1
1936-04-21,1
1936-04-30,1
1936-05-16,1
1936-06-09,1
1936-06-13,1
1936-06-16,1
1936-07-31,1
1936-08-02,1
1936-08-03,1
1936-08-05,1
1936-08-06,1
1936-08-12,1
1936-08-22,1
1936-09-25,1
1936-09-28,1
1936-09-29,1
1936-10-06,1
1936-10-09,1
1936-11-01,1
1936-11-06,1
1936-11-17,1
1936-11-19,1
1936-12-04,1
1936-12-07,1
1936-12-09,1
1936-12-15,1
1936-12-18,1
1936-12-19,1
1936-12-23,1
1936-12-26,1
1936-12-27,1
1937-01-12,1
1937-01-26,1
1937-02-09,1
1937-02-19,1
1937-03-12,1
1937-03-24,1
1937-03-25,1
1937-03-26,1
1937-05-06,1
1937-05-20,1
1937-07-02,1
1937-07-28,1
1937-08-02,1
1937-08-03,2
1937-08-08,1
1937-08-10,1
1937-08-23,1
1937-08-27,1
1938-03-23,1
1937-10-01,1
1937-10-06,1
1937-10-17,1
1937-11-12,1
1937-11-16,1
1937-11-26,1
1937-12-05,2
1937-12-08,1
1937-12-24,1
1938-01-04,1
1938-01-10,1
1938-01-11,1
1938-01-12,1
1938-02-02,1
1938-02-05,1
1938-02-09,2
1938-02-09,1
1938-02-22,1
1938-03-01,2
1938-03-07,1
1938-03-08,1
1938-04-12,2
1938-05-05,1
1938-05-10,1
1938-05-16,1
1938-05-22,1
1938-05-24,1
1938-05-27,1
1938-05-27,1
1938-06-08,1
1938-06-19,1
1938-07-08,1
1938-07-14,1
1938-07-22,1
1938-07-24,1
1938-07-27,2
1938-07-29,1
1938-08-10,1
1938-08-10,1
1938-08-13,1
1938-08-15,1
1938-08-18,1
1938-08-18,1
1938-08-24,1
1938-08-29,1
1938-10-01,1
1938-10-01,1
1938-10-10,1
1938-10-25,1
1938-11-02,1
1938-11-04,1
1938-11-14,1
1938-11-18,1
1938-11-26,1
1938-11-27,1
1938-11-29,1
1938-12-08,1
1938-12-09,1
1938-12-12,1
1939-01-07,1
1939-01-13,1
1939-01-13,1
1939-01-18,1
1939-01-21,1
1939-02-24,1
1939-03-14,1
1939-03-16,1
1939-03-18,1
1940-08-09,1
1941-06-03,1
1939-03-26,2
1939-04-03,1
1939-05-01,1
1939-05-02,1
1939-05-08,1
1939-06-10,1
1939-07-20,1
1939-08-04,1
1939-08-13,1
1939-08-15,1
1939-08-28,1
1939-08-30,1
1939-09-26,1
1939-11-20,1
1939-12-18,1
1939-12-21,1
1939-12-24,1
1940-01-15,1
1940-03-01,1
1940-04-22,1
1940-06-02,2
1940-06-14,1
1940-06-20,1
1940-07-07,2
1940-08-13,1
1940-08-23,1
1940-08-31,1
1940-10-29,1
1940-10-29,1
1940-11-04,1
1940-11-08,1
1940-11-09,1
1940-11-27,1
1940-12-04,1
1941-01-15,2
1941-01-18,1
1941-01-20,1
1941-01-23,1
1941-02-06,1
1941-02-26,1
1941-03-01,1
1941-03-28,1
1941-06-19,1
1941-06-21,1
1941-08-10,1
1941-08-14,1
1941-08-18,1
1941-09-01,1
1941-09-01,2
1941-10-03,1
1941-10-28,1
1941-10-30,1
1941-10-30,1
1941-12-11,1
1942-01-16,1
1942-01-20,1
1942-01-24,1
1942-01-26,1
1942-01-30,1
1942-02-14,1
1942-02-15,1
1942-02-20,1
1942-02-28,1
1942-03-03,1
1942-03-03,1
1943-08-27,1
1942-03-14,1
1942-04-21,1
1942-05-01,1
1942-05-12,1
1942-07-01,1
1942-07-07,1
1942-07-20,1
1942-08-13,2
1942-08-21,1
1942-08-22,1
1942-08-23,1
1942-08-25,2
1942-09-27,1
1942-10-01,1
1942-10-01,1
1942-10-03,1
1942-10-22,1
1942-10-23,2
1942-10-30,1
1942-12-15,2
1942-12-19,1
1943-01-09,1
1943-01-15,1
1943-01-18,1
1943-01-21,1
1943-01-22,1
1943-02-09,1
1943-02-18,1
1943-02-22,1
1943-03-11,1
1943-03-13,1
1943-03-27,1
1943-04-22,1
1943-06-01,1
1943-06-07,1
1943-06-14,3
1943-06-16,1
1943-06-30,1
1943-07-04,1
1943-07-28,1
1943-07-28,1
1943-08-01,1
1943-08-07,1
1943-08-11,1
1943-08-27,1
1943-09-10,1
1943-09-20,1
1943-09-22,1
1943-10-15,1
1943-10-19,1
1943-10-22,1
1943-10-22,1
1943-11-08,1
1943-11-19,1
1943-11-19,1
1943-11-26,1
1943-12-18,1
1943-12-19,1
1943-12-29,1
1944-01-15,1
1944-02-10,1
1944-02-20,1
1944-02-21,3
1944-03-22,1
1944-04-06,1
1944-04-17,1
1944-04-21,1
1944-04-25,1
1944-05-26,1
1944-05-27,1
1944-06-06,1
1944-06-06,1
1944-06-06,1
1944-06-08,1
1944-06-18,1
1944-06-20,1
1944-07-26,1
1944-07-27,1
1944-07-31,2
1944-08-03,1
1944-08-08,1
1944-08-12,1
1944-08-23,1
1944-08-28,2
1944-08-30,1
1944-09-02,1
1944-09-07,1
1944-09-18,1
1944-09-21,1
1944-09-27,1
1945-06-30,1
1944-10-07,1
1944-10-10,1
1944-10-11,1
1944-10-16,1
1944-10-17,1
1944-10-18,1
1944-11-04,1
1944-11-09,1
1944-11-19,1
1944-11-29,1
1944-11-29,1
1944-11-29,1
1944-11-30,1
1944-12-01,1
1944-12-03,1
1944-12-15,1
1945-01-06,1
1945-01-08,1
1945-01-10,2
1945-01-14,1
1945-01-16,1
1945-01-23,1
1945-01-31,2
1945-02-02,1
1945-02-06,1
1945-02-13,1
1945-02-15,1
1945-02-23,1
1945-02-23,1
1945-03-27,1
1945-04-09,3
1945-04-14,1
1945-04-19,1
1945-04-20,1
1945-04-20,1
1945-04-21,1
1945-04-23,1
1945-04-27,1
1945-05-05,1
1945-05-06,1
1945-05-09,1
1945-05-13,1
1945-05-30,1
1945-06-15,1
1945-06-24,1
1945-06-25,1
1945-06-29,1
1945-07-04,1
1945-07-11,1
1945-07-12,1
1945-07-28,1
1945-08-01,1
1945-08-03,1
1945-08-11,1
1945-09-07,1
1945-09-11,1
1945-09-15,1
1945-09-18,1
1945-09-28,1
1945-10-05,1
1945-10-05,1
1945-10-07,1
1945-10-13,1
1945-10-16,2
1945-10-20,2
1945-10-20,1
1945-10-23,1
1945-10-24,1
1945-10-30,1
1945-11-01,1
1945-11-03,1
1945-11-08,1
1945-11-09,1
1945-11-11,1
1945-11-11,1
1945-11-11,1
1945-11-15,1
1945-11-22,1
1945-12-03,1
1945-12-05,1
1945-12-08,1
1945-12-18,1
1945-12-25,1
1945-12-30,1
1946-01-06,1
1946-01-09,1
1946-01-15,1
1946-01-18,1
1946-01-19,1
1946-01-30,1
1946-01-31,1
1946-02-05,1
1946-02-21,1
1946-03-03,1
1946-03-05,1
1946-03-10,2
1946-03-17,1
1946-03-18,1
1946-03-19,1
1946-03-23,2
1946-04-05,1
1946-04-08,1
1946-04-22,1
1946-04-30,1
1946-05-10,1
1946-05-16,2
1946-05-22,1
1946-06-01,1
1946-06-09,1
1946-06-09,1
1946-06-29,1
1946-06-29,3
1946-07-09,1
1946-07-11,2
1946-07-13,2
1946-07-17,1
1946-07-18,1
1946-07-20,1
1946-07-25,3
1946-08-07,1
1946-08-09,1
1946-08-14,1
1946-08-20,1
1946-08-21,1
1946-08-24,1
1946-09-03,2
1946-09-04,1
1946-09-05,1
1946-09-06,2
1946-09-07,1
1946-09-15,1
1946-09-17,1
1947-01-22,1
1946-09-18,1
1946-09-19,1
1946-09-20,1
1946-09-25,1
1946-09-27,3
1946-10-03,1
1946-10-06,1
1946-10-07,1
1946-10-08,1
1946-10-10,1
1946-10-17,1
1946-10-17,1
1946-10-23,1
1946-11-01,1
1946-11-11,1
1946-11-13,1
1946-11-13,1
1946-11-14,1
1946-11-16,1
1946-11-26,1
1946-11-30,1
1946-12-04,1
1946-12-10,1
1946-12-10,1
1946-12-14,1
1946-12-17,2
1946-12-23,1
1946-12-24,2
1946-12-25,1
1946-12-28,1
1946-12-28,1
1946-12-28,1
1947-01-03,2
1947-01-05,1
1947-01-05,3
1947-01-11,1
1947-01-11,1
1947-01-12,1
1947-01-14,1
1947-01-25,1
1947-01-25,1
1947-01-25,1
1947-01-26,2
1947-01-28,1
1947-02-01,1
1947-02-05,1
1947-02-06,1
1947-02-14,1
1947-02-15,1
1947-02-15,1
1947-02-21,1
1947-02-26,1
1947-03-08,1
1947-03-08,1
1947-03-14,1
1947-03-17,1
1947-03-18,1
1947-04-08,2
1947-04-13,1
1947-04-22,1
1949-02-24,1
1947-04-28,1
1947-05-11,1
1947-05-29,1
1947-05-29,1
1947-05-29,1
1947-05-30,2
1947-06-04,1
1947-06-11,1
1947-06-13,1
1947-06-19,1
1947-07-01,1
1947-07-13,1
1947-07-15,1
1947-07-16,1
1947-07-25,1
1947-07-31,1
1947-08-02,1
1947-08-06,1
1947-08-08,1
1947-08-09,2
1947-08-13,2
1947-08-21,1
1947-08-23,1
1947-08-28,1
1947-10-08,1
1947-10-16,1
1947-10-16,1
1947-10-24,1
1947-10-26,1
1947-10-26,1
1947-10-31,1
1947-11-02,1
1947-11-11,1
1947-11-13,1
1947-11-18,1
1947-11-18,1
1947-11-21,1
1947-11-27,1
1947-11-27,1
1947-11-27,2
1947-11-28,1
1947-11-30,1
1947-12-10,1
1947-12-11,1
1947-12-23,1
1947-12-27,1
1947-12-28,1
1948-01-06,1
1948-01-06,1
1948-01-07,2
1948-01-08,1
1948-01-11,1
1948-01-13,1
1948-01-20,1
1949-08-09,1
1948-01-28,1
1948-01-30,1
1948-02-07,1
1948-02-12,2
1948-02-20,1
1948-02-21,1
1948-02-23,1
1948-02-25,1
1948-02-27,1
1948-03-02,1
1948-03-02,2
1948-03-07,1
1948-03-10,1
1948-03-12,2
1948-03-13,1
1948-03-15,1
1948-03-27,1
1948-04-05,1
1948-04-15,1
1949-08-13,1
1948-05-13,1
1948-05-13,1
1948-05-15,1
1948-05-16,1
1948-05-20,1
1948-05-25,1
1948-06-10,1
1948-06-17,1
1948-06-26,1
1948-07-01,1
1948-07-04,1
1948-07-07,1
1948-07-14,1
1948-07-16,1
1948-07-24,1
1948-07-29,1
1948-07-29,1
1948-08-01,1
1948-08-01,1
1948-08-09,2
1948-08-20,1
1950-05-24,1
1948-08-29,1
1948-08-31,1
1948-09-02,1
1948-10-02,2
1948-10-20,1
1948-10-23,1
1948-10-27,1
1948-11-03,1
1948-11-04,1
1948-11-08,1
1948-11-11,1
1948-11-26,1
1948-12-05,1
1948-12-06,1
1948-12-12,1
1948-12-15,1
1948-12-21,1
1948-12-21,1
1948-12-23,1
1948-12-28,1
1948-12-31,1
1949-01-02,1
1949-01-05,1
1949-01-06,1
1949-01-11,1
1949-01-15,1
1949-01-16,1
1949-01-17,1
1949-01-17,1
1949-01-20,1
1949-01-30,1
1949-02-02,1
1949-02-04,1
1949-02-05,1
1949-02-08,1
1949-02-10,1
1949-02-19,1
1949-02-24,1
1951-11-15,1
1949-03-10,1
1949-03-15,1
1949-03-18,1
1949-05-04,1
1949-05-07,2
1949-06-06,1
1949-06-07,1
1949-06-07,1
1949-06-23,1
1949-07-02,1
1949-07-12,1
1949-07-12,1
1949-07-19,1
1949-07-30,1
1949-08-02,1
1949-08-03,2
1949-08-06,2
1949-08-15,1
1949-08-19,1
1949-08-21,1
1949-08-27,1
1949-09-09,1
1949-09-26,1
1949-09-27,1
1949-10-09,1
1949-10-28,1
1949-11-01,1
1949-11-04,1
1949-11-20,1
1949-11-28,1
1949-11-29,1
1949-12-01,1
1949-12-07,1
1949-12-09,1
1949-12-10,2
1949-12-12,1
1949-12-12,1
1949-12-16,1
1949-12-18,1
1949-12-30,1
1950-01-18,1
1950-01-20,1
1950-01-24,1
1950-01-24,1
1950-01-26,1
1950-02-02,1
1950-02-27,1
1950-03-07,1
1950-03-10,1
1950-03-12,1
1950-03-25,1
1950-03-28,3
1950-04-05,1
1950-04-15,1
1950-04-21,1
1950-05-02,1
1950-05-17,1
1950-05-23,1
1950-05-27,1
1950-05-30,1
1950-06-05,1
1950-06-09,1
1950-06-12,2
1950-06-14,1
1950-06-23,1
1950-06-26,1
1950-07-07,2
1950-07-09,1
1950-07-17,1
1950-07-18,1
1950-07-27,1
1950-07-28,1
1950-07-29,1
1950-08-05,1
1950-08-25,1
1950-08-31,1
1950-09-04,1
1950-09-14,1
1950-09-20,1
1950-09-21,1
1950-09-23,1
1950-09-26,1
1950-10-13,2
1950-10-13,1
1950-10-17,1
1950-10-31,1
1950-11-03,1
1950-11-06,1
1950-11-13,1
1950-11-17,1
1950-11-21,1
1950-11-23,1
1950-11-25,2
1950-12-01,1
1950-12-08,1
1950-12-08,1
1950-12-13,1
1950-12-13,2
1950-12-15,1
1950-12-19,1
1950-12-22,1
1950-12-30,1
1951-01-12,1
1951-01-13,1
1951-01-14,1
1951-01-16,1
1951-01-17,1
1951-01-28,1
1951-01-31,1
1951-02-01,1
1951-02-03,1
1951-02-14,1
1951-03-02,1
1951-03-11,1
1951-03-21,1
1951-03-22,1
1966-07-15,1
1951-03-22,1
1951-03-26,1
1951-04-02,1
1951-04-06,1
1951-04-08,1
1951-04-09,1
1951-04-25,1
1951-04-28,1
1951-05-06,1
1951-05-08,1
1951-05-18,1
1951-06-03,1
1951-06-06,1
1951-06-15,1
1951-06-22,1
1951-06-29,1
1951-06-30,1
1951-07-12,1
1951-07-12,1
1951-11-13,2
1951-07-12,1
1951-07-16,1
1951-07-20,2
1951-07-21,1
1951-07-24,1
1951-07-29,2
1951-08-08,1
1951-08-11,1
1951-08-17,1
1951-08-24,1
1951-09-08,1
1951-09-12,1
1951-09-12,1
1951-09-15,1
1951-09-29,1
1951-10-08,1
1951-10-15,1
1951-10-15,1
1951-10-17,1
1951-10-22,1
1951-10-27,1
1951-11-05,2
1951-11-19,2
1951-11-21,1
1951-11-24,1
1951-11-27,1
1951-12-04,1
1951-12-13,1
1951-12-16,1
1951-12-23,1
1951-12-29,1
1951-12-30,2
1951-12-30,1
1951-12-31,1
1952-01-02,1
1952-01-10,1
1952-01-19,1
1952-01-22,1
1952-02-04,2
1952-02-07,1
1952-02-11,1
1953-01-07,2
1952-02-16,1
1952-02-19,1
1952-02-19,1
1952-02-28,1
1952-03-03,1
1952-03-10,1
1952-03-12,1
1952-03-22,2
1952-03-22,1
1952-03-24,1
1952-03-26,1
1952-03-29,1
1952-03-30,1
1952-04-05,1
1952-04-09,1
1952-04-10,1
1952-04-11,1
1952-04-18,1
1953-12-15,1
1952-04-29,1
1952-04-30,1
1952-05-05,1
1952-05-09,1
1952-05-13,2
1952-05-24,1
1952-05-26,1
1952-06-13,1
1952-06-24,1
1952-06-25,1
1952-07-27,1
1952-08-12,1
1952-08-21,1
1952-08-26,1
1952-08-29,1
1952-09-06,1
1952-09-10,1
1953-12-17,1
1952-09-15,2
1952-10-08,2
1952-10-14,1
1952-10-16,1
1952-10-29,1
1952-11-06,1
1952-11-07,1
1952-11-14,1
1952-11-15,1
1952-11-17,1
1952-11-22,1
1952-11-28,1
1952-12-06,1
1952-12-06,1
1952-12-20,1
1952-12-21,1
1952-12-25,1
1952-12-25,1
1952-12-30,1
1953-01-05,1
1970-02-13,1
1953-01-07,1
1953-01-15,1
1953-01-26,2
1953-02-02,1
1953-02-03,1
1953-02-07,1
1953-02-09,1
1953-02-14,1
1953-03-03,2
1953-03-04,1
1953-03-14,1
1953-03-17,1
1953-03-18,1
1953-03-20,1
1953-03-27,1
1953-03-29,1
1953-04-10,1
1953-04-10,1
1953-04-14,1
1953-04-14,1
1953-04-16,1
1953-04-20,1
1953-05-02,1
1953-05-07,1
1953-05-09,1
1953-05-11,1
1953-05-17,1
1953-05-25,1
1953-06-15,1
1953-06-15,1
1953-06-16,1
1953-06-17,1
1953-06-18,1
1953-07-12,1
1953-07-17,1
1953-07-27,1
1955-09-29,1
1953-08-03,1
1953-08-03,1
1953-08-05,1
1953-08-18,1
1953-09-01,1
1953-09-01,1
1953-09-08,1
1953-09-14,1
1953-09-16,1
1953-09-25,1
1953-09-28,1
1953-10-14,1
1953-10-17,1
1953-10-19,1
1953-10-19,1
1953-10-29,1
1953-11-03,1
1953-11-11,1
1953-12-04,1
1953-12-12,1
1953-12-19,2
1953-12-21,1
1954-01-02,1
1954-01-05,1
1954-01-06,1
1954-01-10,1
1954-01-11,1
1954-01-13,1
1954-01-14,1
1954-01-14,1
1954-01-20,1
1954-02-01,1
1954-02-05,1
1954-02-12,1
1954-02-25,1
1954-02-26,1
1954-03-04,1
1954-03-13,1
1954-03-14,1
1954-03-19,1
1954-03-26,2
1954-04-03,1
1954-04-04,1
1954-04-08,1
1954-04-08,1
1954-04-13,1
1954-04-13,2
1954-04-23,1
1954-04-30,1
1954-05-22,1
1954-05-31,1
1954-06-03,1
1954-06-04,1
1954-06-08,1
1954-06-19,1
1954-07-02,1
1954-07-23,2
1954-08-08,1
1954-08-09,1
1954-08-12,1
1954-08-16,1
1954-08-22,1
1954-08-23,1
1958-05-16,1
1954-08-27,1
1954-09-05,1
1954-09-12,2
1954-09-15,1
1954-10-24,1
1954-10-30,1
1954-10-30,1
1954-10-31,2
1954-11-16,1
1954-11-30,1
1954-12-04,1
1954-12-12,1
1954-12-18,1
1954-12-18,1
1954-12-22,1
1954-12-25,1
1954-12-29,1
1954-12-31,1
1955-01-11,1
1955-01-12,1
1955-01-19,1
1955-01-31,1
1955-02-02,1
1955-02-05,1
1955-02-13,1
1955-02-19,1
1955-02-23,1
1955-03-06,1
1955-03-08,1
1955-03-09,1
1955-03-20,1
1955-03-22,1
1955-03-26,3
1955-04-02,1
1955-04-04,1
1955-04-11,1
1955-04-18,1
1955-05-18,1
1955-05-21,1
1955-05-26,1
1955-06-03,1
1955-06-16,1
1955-06-18,1
1955-07-14,1
1955-07-17,1
1955-07-27,1
1955-08-04,1
1955-08-06,1
1955-08-11,1
1955-08-26,1
1955-08-30,1
1955-09-02,1
1955-09-08,1
1955-09-10,1
1955-09-17,1
1955-09-21,2
1955-09-24,1
1955-10-02,1
1955-10-06,1
1955-10-10,1
1955-11-01,2
1955-11-17,1
1955-11-17,1
1955-11-20,1
1955-11-30,2
1955-12-01,1
1955-12-17,1
1955-12-19,1
1955-12-21,1
1956-01-12,2
1956-01-17,1
1956-01-18,1
1956-01-28,1
1956-02-13,1
1956-02-14,1
1956-02-17,1
1956-02-18,1
1956-02-20,1
1956-02-24,1
1956-02-25,1
1956-03-21,1
1956-03-28,1
1956-03-31,1
1956-03-31,1
1956-04-01,2
1956-04-02,2
1956-04-09,1
1956-04-18,1
1956-04-30,1
1956-05-15,1
1956-05-15,1
1956-05-24,1
1956-06-20,2
1956-06-24,1
1956-06-30,2
1956-07-09,3
1956-07-13,1
1956-07-16,1
1956-08-08,1
1956-08-29,1
1956-09-09,1
1956-09-09,1
1956-10-02,1
1956-10-10,1
1956-10-16,1
1956-10-19,1
1956-10-28,1
1956-11-05,1
1956-11-07,1
1956-11-15,1
1957-10-18,1
1956-11-17,1
1956-11-24,1
1956-11-24,1
1956-11-27,1
1956-12-08,1
1956-12-09,1
1956-12-12,1
1956-12-22,1
1956-12-22,1
1956-12-30,1
1957-01-06,1
1957-01-11,1
1957-01-23,1
1957-01-29,1
1957-01-31,2
1957-02-01,1
1957-02-22,1
1957-03-02,1
1957-03-05,1
1957-03-09,1
1957-03-14,2
1957-03-17,1
1957-03-18,1
1957-03-22,1
1957-04-07,1
1957-04-08,1
1957-04-10,2
1957-04-15,1
1957-04-17,1
1957-04-20,1
1957-05-01,1
1957-05-05,1
1957-05-09,1
1957-05-13,1
1957-05-13,1
1957-05-13,1
1957-06-14,1
1957-06-18,1
1957-06-22,1
1957-06-23,1
1957-07-01,1
1957-07-16,1
1957-07-25,1
1957-08-11,2
1957-08-15,1
1957-08-20,1
1957-08-29,1
1957-09-03,1
1957-09-15,1
1957-09-18,2
1957-09-28,1
1957-10-03,1
1957-10-23,1
1957-10-28,1
1957-10-30,1
1957-11-06,1
1957-11-09,1
1957-11-15,1
1957-11-15,1
1957-11-21,1
1957-12-08,1
1957-12-10,1
1957-12-11,1
1957-12-23,1
1957-12-23,1
1957-12-31,1
1958-01-16,1
1958-01-20,1
1958-02-01,3
1958-05-15,1
1958-02-01,1
1958-02-06,1
1958-02-19,1
1958-02-20,1
1958-02-27,1
1958-03-07,1
1958-03-07,1
1958-03-22,1
1958-03-24,1
1958-03-25,1
1958-03-27,1
1958-04-02,1
1958-04-06,1
1958-04-07,1
1958-04-14,1
1958-04-21,1
1958-05-18,1
1958-05-20,1
1958-05-25,1
1958-05-31,1
1958-05-31,1
1958-06-02,1
1958-06-02,1
1958-06-04,1
1958-06-16,1
1958-06-25,1
1958-06-27,2
1958-07-09,1
1958-08-09,1
1958-08-12,1
1958-08-12,1
1958-08-14,1
1958-08-15,1
1958-08-15,1
1958-09-02,1
1958-09-02,1
1958-09-02,1
1958-09-05,1
1958-09-08,1
1958-09-09,1
1958-09-15,1
1958-09-29,1
1958-10-09,1
1958-10-14,1
1958-10-15,1
1958-10-17,1
1958-10-18,1
1958-10-22,1
1958-11-01,1
1958-11-03,1
1958-11-08,1
1958-11-09,1
1958-11-16,1
1958-12-04,1
1958-12-24,1
1958-12-26,1
1958-12-30,1
1962-01-13,1
1959-01-06,1
1959-01-08,1
1959-01-11,1
1959-01-14,1
1959-01-16,1
1959-01-21,1
1959-01-22,1
1959-01-27,1
1959-02-01,1
1959-02-03,1
1959-02-03,1
1959-02-17,1
1959-02-18,1
1959-11-21,1
1959-03-05,1
1959-03-12,1
1959-03-13,1
1959-03-29,1
1959-03-29,1
1959-03-30,1
1959-04-17,1
1959-04-23,1
1959-04-29,1
1959-05-02,1
1959-05-12,1
1959-05-12,2
1959-05-13,1
1959-05-15,1
1959-05-21,1
1959-06-01,2
1959-06-23,1
1959-06-26,1
1959-06-30,2
1959-08-03,1
1959-08-14,1
1959-08-15,1
1959-08-19,1
1959-08-27,1
1959-09-02,1
1959-09-08,1
1959-09-12,1
1959-09-23,1
1959-09-24,1
1959-09-24,1
1959-09-29,2
1959-10-26,1
1959-10-29,1
1959-10-30,1
1959-11-04,3
1959-11-16,2
1959-11-16,1
1959-11-24,1
1959-12-01,1
1959-12-08,1
1959-12-13,1
1959-12-17,1
1959-12-21,1
1959-12-22,1
1959-12-24,1
1959-12-31,1
1960-01-03,2
1960-01-06,1
1960-01-10,1
1960-01-18,1
1960-01-19,1
1973-05-11,1
1960-01-21,1
1960-01-26,1
1960-02-05,1
1960-02-26,1
1960-02-26,1
1960-02-26,1
1960-03-15,1
1960-03-16,1
1960-03-17,1
1960-03-19,1
1960-04-05,1
1960-04-12,1
1960-04-14,1
1960-04-18,1
1960-04-19,1
1960-04-20,1
1960-04-22,3
1960-04-28,1
1960-05-15,1
1960-09-07,1
1960-05-18,2
1960-05-23,1
1960-06-10,1
1960-06-14,1
1960-06-24,1
1960-07-06,3
1960-07-10,1
1960-07-11,1
1960-07-14,1
1960-07-15,1
1960-07-19,2
1960-07-27,1
1960-07-31,1
1960-08-01,1
1960-08-17,1
1960-08-17,1
1960-08-24,1
1960-08-29,1
1960-09-19,1
1960-09-22,1
1960-09-26,1
1960-09-28,1
1960-09-29,1
1960-10-04,1
1960-10-14,1
1960-10-15,1
1960-10-21,1
1960-10-28,1
1960-10-29,1
1960-11-05,2
1960-11-07,1
1960-11-23,1
1960-12-07,1
1960-12-11,1
1961-04-03,2
1961-05-10,1
1961-05-24,2
1960-12-16,1
1960-12-17,2
1960-12-22,1
1961-01-02,1
1961-01-03,1
1961-01-19,1
1961-01-22,1
1961-01-24,1
1961-01-26,1
1961-01-28,1
1961-02-03,1
1961-02-15,1
1961-03-09,1
1961-03-25,1
1961-03-28,1
1961-05-29,1
1961-05-30,1
1961-06-12,1
1961-06-17,2
1961-06-30,1
1961-07-10,1
1961-07-11,1
1961-07-12,1
1961-07-19,1
1961-07-21,1
1961-08-06,1
1961-08-09,1
1961-08-13,1
1961-08-29,1
1961-09-01,1
1961-09-05,1
1961-09-06,1
1961-12-29,1
1961-09-10,1
1961-09-12,2
1961-09-17,1
1961-09-17,1
1961-09-23,1
1961-10-07,1
1961-10-10,1
1961-11-01,2
1961-11-01,1
1961-11-08,1
1961-11-11,1
1961-11-23,1
1961-11-23,2
1961-11-30,2
1961-12-04,1
1961-12-12,1
1961-12-15,2
1961-12-21,1
1961-12-24,2
1962-01-22,1
1962-01-27,2
1962-02-04,1
1962-02-25,1
1962-02-25,1
1962-03-01,1
1962-03-04,1
1962-03-06,1
1962-03-08,1
1962-03-08,1
1962-03-08,1
1962-03-15,1
1962-03-15,1
1962-03-20,1
1962-03-27,1
1962-04-06,1
1962-04-22,1
1962-10-12,1
1962-05-06,1
1962-05-08,1
1962-05-09,2
1962-05-12,1
1962-05-15,2
1962-05-17,1
1962-05-22,1
1962-05-22,1
1962-06-03,1
1962-06-04,1
1962-06-22,1
1962-06-28,1
1962-06-30,1
1962-07-06,1
1962-07-07,1
1962-07-09,1
1962-07-15,1
1962-07-16,1
1962-07-19,2
1962-07-22,1
1962-07-28,1
1962-07-30,1
1962-08-01,1
1962-08-20,1
1962-08-23,1
1962-08-24,1
1962-09-02,1
1962-09-03,1
1962-09-04,1
1962-09-10,1
1962-09-10,2
1962-09-10,2
1962-09-21,1
1962-09-23,1
1962-10-10,1
1962-10-12,1
1973-10-12,1
1962-10-19,1
1962-10-25,1
1962-11-10,1
1962-11-19,1
1962-11-23,1
1962-11-23,1
1962-11-23,1
1962-11-26,1
1962-11-27,1
1962-11-30,1
1962-12-06,1
1962-12-14,1
1962-12-14,1
1962-12-19,1
1962-12-20,1
1962-12-22,1
1962-12-28,1
1962-12-29,1
1964-03-10,1
1963-01-14,1
1963-01-15,1
1963-01-17,1
1963-01-26,1
1963-01-29,1
1963-01-30,1
1963-02-01,1
1963-02-03,2
1963-02-08,1
1963-02-12,1
1963-02-28,1
1963-03-02,2
1963-03-05,1
1963-03-15,1
1963-03-15,1
1963-03-20,1
1963-03-23,1
1964-11-20,2
1963-03-30,1
1963-04-14,1
1963-05-03,1
1963-05-03,1
1963-05-12,1
1963-06-03,1
1963-06-03,1
1963-06-10,1
1963-06-16,1
1963-06-16,1
1963-06-23,1
1963-06-26,1
1963-07-01,1
1963-07-02,1
1963-07-03,1
1963-07-13,1
1963-07-15,1
1963-07-17,1
1963-07-27,1
1963-08-08,1
1963-08-12,1
1963-08-14,1
1963-08-17,1
1963-08-21,1
1963-08-28,1
1963-09-04,1
1963-09-11,2
1963-09-11,1
1963-09-22,1
1963-10-09,1
1963-10-14,1
1963-10-18,1
1963-10-20,1
1963-10-22,1
1963-11-08,1
1963-11-29,1
1963-12-07,1
1963-12-08,1
1963-12-12,1
1963-12-15,2
1963-12-17,1
1964-01-09,1
1964-01-22,2
1964-02-03,1
1964-02-03,1
1964-02-04,1
1964-02-08,1
1964-02-15,1
1964-02-18,1
1964-02-21,1
1964-02-22,1
1964-02-22,2
1964-02-25,1
1964-02-27,1
1964-02-29,1
1964-03-01,1
1964-03-08,2
1964-03-08,1
1964-03-10,1
1964-03-12,1
1964-03-20,1
1964-03-28,1
1964-03-28,1
1964-04-12,1
1964-04-17,1
1964-04-17,1
1964-05-07,1
1964-05-08,1
1964-05-08,1
1964-05-11,1
1964-05-20,1
1964-05-27,1
1964-06-04,1
1964-06-13,2
1964-06-19,1
1964-06-20,1
1964-06-21,2
1964-07-07,1
1964-07-08,1
1964-11-23,2
1964-07-09,1
1964-07-14,1
1964-07-16,1
1964-07-31,1
1964-08-02,1
1964-08-05,1
1964-08-22,1
1964-09-02,1
1964-09-04,1
1964-09-04,1
1964-09-15,2
1964-10-02,1
1964-10-02,1
1964-10-09,1
1964-10-16,1
1964-10-19,1
1964-11-03,1
1964-11-15,1
1964-11-17,1
1965-09-27,1
1964-11-29,1
1964-12-04,1
1964-12-08,1
1964-12-11,1
1964-12-21,2
1964-12-24,1
1964-12-24,1
1964-12-29,1
1964-12-30,1
1965-01-05,1
1965-01-13,1
1965-01-16,1
1965-01-17,1
1965-01-22,1
1965-02-03,1
1965-02-06,2
1965-02-08,1
1965-02-13,1
1965-02-14,2
1965-02-14,2
1973-10-15,1
1965-03-08,1
1965-03-08,1
1965-03-17,2
1965-03-22,2
1965-03-25,1
1965-03-26,1
1965-03-31,1
1965-04-09,1
1965-04-10,1
1965-04-14,2
1965-04-17,1
1965-04-23,1
1965-05-05,1
1965-05-20,1
1965-06-15,2
1965-06-25,1
1965-06-28,1
1965-07-01,1
1965-10-08,1
1965-07-06,1
1965-07-07,1
1965-07-08,1
1965-07-11,1
1965-07-15,1
1965-07-17,1
1965-07-25,1
1965-08-04,1
1965-08-12,2
1965-08-16,1
1965-08-20,1
1965-08-24,1
1965-09-04,1
1965-09-11,3
1965-09-14,1
1965-09-16,1
1965-09-16,1
1965-09-17,1
1975-07-31,1
1965-10-17,1
1965-10-17,2
1965-10-18,1
1965-10-20,1
1965-10-27,1
1965-11-02,1
1965-11-03,2
1965-11-08,1
1965-11-08,1
1965-11-10,1
1965-11-11,1
1965-11-12,1
1965-11-14,2
1965-11-27,1
1965-12-04,2
1966-07-11,2
1965-12-07,2
1965-12-11,1
1965-12-12,1
1965-12-16,1
1965-12-29,1
1966-01-01,1
1966-01-15,1
1966-01-22,1
1966-01-24,1
1966-01-25,1
1966-01-27,1
1966-01-28,1
1966-02-04,1
1966-02-07,1
1966-02-08,1
1966-02-15,1
1966-02-18,1
1966-03-04,1
1966-07-11,1
1966-03-05,1
1966-03-08,1
1966-03-10,1
1966-03-10,1
1966-03-18,1
1966-03-20,1
1966-04-05,1
1966-04-09,1
1966-04-17,1
1966-04-22,1
1966-04-27,1
1966-05-04,1
1966-05-06,1
1966-05-18,1
1966-06-16,1
1966-06-20,1
1966-06-27,1
1966-06-27,1
1966-06-29,1
1966-07-04,1
1966-07-24,1
1966-08-03,2
1966-08-06,2
1966-08-11,1
1966-08-13,1
1966-08-15,1
1966-08-16,1
1966-08-17,1
1966-08-17,1
1966-08-21,1
1966-09-01,1
1966-09-04,1
1966-09-16,1
1966-09-22,1
1966-09-22,1
1966-10-01,1
1966-10-04,1
1966-10-08,1
1975-11-17,2
1966-10-09,2
1966-11-02,1
1966-11-06,2
1966-11-11,2
1966-11-13,1
1966-11-15,2
1966-11-20,1
1966-11-22,1
1966-11-24,1
1966-11-26,1
1966-12-01,2
1966-12-02,1
1966-12-18,1
1966-12-24,1
1966-12-24,2
1967-01-05,1
1967-01-06,1
1967-01-17,1
1967-01-17,2
1967-01-21,3
1967-02-06,1
1967-11-03,1
1967-02-07,1
1967-02-07,1
1967-02-09,1
1967-02-10,1
1967-02-15,1
1967-02-16,2
1967-02-20,1
1967-02-28,1
1967-03-04,1
1967-03-05,1
1967-03-08,1
1967-03-09,2
1967-03-10,1
1967-03-10,1
1967-03-11,1
1967-03-13,1
1967-03-16,1
1967-03-27,1
1967-03-30,1
1967-04-01,1
1967-04-02,2
1967-04-03,1
1967-04-08,1
1967-04-11,1
1967-04-17,1
1967-04-20,1
1967-04-25,1
1967-04-27,1
1967-04-27,1
1967-04-28,1
1967-05-01,1
1967-05-04,1
1967-05-12,1
1967-05-15,1
1967-05-19,1
1967-06-03,1
1967-06-04,1
1967-06-09,2
1967-06-11,1
1967-06-12,1
1967-06-12,1
1967-06-15,1
1967-12-29,1
1967-06-17,1
1967-06-22,1
1967-06-22,1
1967-06-23,1
1967-06-23,1
1967-06-24,1
1967-06-30,2
1967-07-06,1
1967-07-19,1
1967-07-19,1
1967-07-25,1
1967-07-25,1
1967-07-26,1
1967-08-31,1
1967-09-04,2
1967-09-05,2
1967-09-08,1
1967-10-08,2
1967-10-08,1
1967-10-12,1
1967-10-13,1
1967-10-24,1
1967-11-04,1
1967-11-04,1
1967-11-05,1
1967-11-06,1
1967-11-16,1
1967-11-20,1
1967-11-23,1
1967-11-25,1
1967-11-30,1
1967-12-07,2
1967-12-08,1
1967-12-10,2
1967-12-13,1
1967-12-15,1
1967-12-21,1
1967-12-21,1
1967-12-25,1
1967-12-30,2
1967-12-31,1
1968-01-08,1
1968-01-08,1
1968-01-08,1
1968-01-10,1
1968-01-15,1
1968-01-16,1
1968-01-17,2
1968-01-27,1
1968-02-06,1
1968-02-07,1
1968-02-07,1
1968-02-16,1
1968-02-21,1
1968-02-24,1
1968-02-29,1
1968-03-06,1
1968-03-06,1
1968-03-08,1
1968-03-09,1
1968-03-19,1
1968-03-23,1
1968-03-24,1
1968-03-27,1
1968-03-27,1
1968-04-01,1
1968-04-08,1
1968-04-08,1
1968-04-10,2
1968-04-10,1
1968-04-19,1
1968-04-19,1
1968-04-20,1
1968-04-22,1
1968-04-27,1
1968-04-30,1
1968-05-03,2
1968-05-07,1
1968-05-12,1
1968-05-14,1
1968-05-22,1
1968-05-28,1
1968-06-01,1
1968-06-13,1
1968-06-18,2
1968-06-22,1
1968-06-25,1
1968-06-28,1
1968-07-03,2
1968-07-07,1
1968-07-08,1
1968-07-13,1
1968-07-15,1
1968-07-18,1
1968-07-28,1
1968-08-01,1
1968-08-02,2
1968-08-04,1
1968-08-09,1
1968-08-10,1
1969-03-08,1
1968-08-14,1
1968-08-18,1
1968-08-20,1
1968-08-28,1
1968-08-31,1
1968-09-03,1
1968-09-08,1
1968-09-11,1
1968-09-24,1
1968-09-28,1
1968-10-01,1
1968-10-03,1
1968-10-03,1
1968-10-08,1
1968-10-08,2
1968-10-10,3
1968-10-11,1
1968-10-19,1
1968-10-20,1
1968-10-21,1
1968-10-25,1
1968-11-21,1
1968-11-22,1
1968-11-23,1
1968-11-25,2
1968-11-26,1
1968-12-02,1
1968-12-06,1
1968-12-08,2
1968-12-12,1
1968-12-24,1
1968-12-24,1
1968-12-26,1
1968-12-26,1
1968-12-27,1
1969-03-08,1
1969-03-13,1
1968-12-31,1
1968-12-31,1
1969-01-02,1
1969-01-02,1
1969-01-05,1
1969-01-06,1
1969-01-06,1
1969-01-13,1
1969-01-16,1
1969-01-18,1
1969-02-04,3
1969-02-05,1
1969-02-05,1
1969-02-18,2
1969-02-24,1
1969-03-05,1
1969-03-16,1
1969-03-19,1
1969-03-20,1
1969-03-20,1
1969-04-02,1
1969-04-02,1
1969-04-02,1
1969-04-07,1
1969-04-15,1
1969-04-16,1
1969-04-19,1
1969-04-21,1
1969-04-24,1
1969-04-25,1
1969-05-05,1
1969-05-05,1
1969-05-06,1
1969-05-07,1
1969-05-23,1
1969-05-25,1
1969-06-04,1
1969-06-05,1
1969-06-05,1
1969-06-20,1
1969-06-29,2
1969-07-06,1
1969-07-12,1
1969-07-13,2
1969-07-15,1
1969-07-24,2
1969-07-25,1
1969-07-26,1
1969-07-26,4
1969-07-30,1
1969-08-03,1
1969-08-05,2
1969-08-19,1
1969-08-25,1
1969-08-26,1
1969-12-03,2
1969-12-06,1
1969-08-31,1
1969-09-02,2
1969-09-06,1
1969-09-08,1
1969-09-09,1
1969-09-12,1
1969-09-14,1
1969-09-17,1
1969-09-20,1
1969-09-21,1
1969-09-26,1
1969-09-26,2
1969-10-02,1
1969-10-03,2
1969-11-09,1
1969-11-12,2
1969-11-13,1
1969-11-19,1
1969-11-20,1
1969-12-08,1
1969-12-10,1
1969-12-22,1
1969-12-22,1
1969-12-23,1
1970-01-01,1
1970-01-05,1
1970-01-12,1
1970-01-13,2
1970-01-14,1
1970-01-24,2
1970-01-25,1
1970-01-25,1
1970-01-28,2
1970-01-28,1
1970-01-29,1
1970-02-04,1
1970-02-04,1
1970-02-06,1
1970-02-10,2
1970-02-12,2
1970-02-15,1
1970-02-18,1
1970-02-19,1
1970-02-21,2
1970-03-06,2
1970-03-14,1
1970-03-16,1
1970-03-22,4
1970-03-26,1
1970-04-01,2
1970-04-01,1
1970-04-02,2
1970-04-21,1
1970-04-21,1
1970-04-25,2
1970-04-28,1
1970-05-02,1
1970-05-04,2
1970-05-06,1
1970-05-09,1
1970-05-09,1
1970-05-15,1
1970-05-22,1
1970-05-26,1
1970-05-30,1
1970-06-01,1
1970-06-02,1
1970-06-10,1
1970-07-03,1
1970-07-03,1
1970-07-05,1
1970-07-18,1
1970-07-24,1
1970-07-27,1
1970-07-30,1
1970-08-03,1
1970-08-06,1
1970-08-09,1
1970-08-12,1
1970-08-26,2
1970-08-29,1
1970-08-30,1
1970-09-02,1
1970-09-03,1
1970-09-08,1
1970-09-09,1
1970-09-22,1
1970-09-26,1
1970-09-30,2
1970-10-01,1
1970-10-02,1
1970-10-02,1
1970-10-04,1
1970-10-06,1
1970-10-10,1
1970-10-16,1
1970-10-28,1
1970-11-14,1
1970-11-24,2
1970-11-27,1
1970-11-27,1
1970-11-29,1
1970-12-02,1
1970-12-05,1
1970-12-07,1
1970-12-19,1
1970-12-28,2
1970-12-30,1
1970-12-31,1
1970-12-31,1
1971-01-02,1
1971-01-09,3
1971-01-18,1
1971-01-21,1
1971-01-21,1
1971-01-22,2
1988-10-02,1
1971-01-23,1
1971-01-25,1
1971-01-31,1
1971-02-07,1
1971-02-17,1
1971-03-26,1
1971-03-31,1
1971-03-31,1
1971-04-15,1
1971-04-20,1
1971-04-21,1
1971-04-22,1
1971-05-06,1
1971-05-11,1
1971-05-12,1
1971-05-23,1
1971-05-26,1
1971-05-28,1
1971-08-28,1
1971-12-06,1
1971-06-06,1
1971-06-07,1
1971-06-13,2
1971-06-17,1
1971-06-27,1
1971-07-03,1
1971-07-21,1
1971-07-24,1
1971-07-25,1
1971-07-25,1
1971-07-30,1
1971-07-30,1
1971-07-30,1
1971-08-07,1
1971-08-12,1
1971-08-18,2
1971-08-19,1
1971-12-09,1
1971-09-04,1
1971-09-06,1
1971-09-15,1
1971-09-16,1
1971-09-16,1
1971-09-28,1
1971-10-02,1
1971-10-13,1
1971-10-16,1
1971-10-16,1
1971-10-17,1
1971-10-21,1
1971-10-23,2
1971-10-24,1
1971-11-09,1
1971-11-10,1
1971-11-12,1
1971-11-21,2
1971-11-28,2
1971-12-01,1
1971-12-04,2
1991-02-22,1
1971-12-21,1
1971-12-24,1
1972-01-06,1
1972-01-07,1
1972-01-18,1
1972-01-21,1
1972-01-21,2
1972-01-21,1
1972-01-26,1
1972-02-01,1
1972-02-04,1
1972-02-04,1
1972-02-05,1
1972-02-11,1
1972-02-16,2
1972-02-19,2
1972-02-20,1
1972-02-22,1
1972-03-03,1
1972-03-13,1
1972-03-14,1
1972-03-19,1
1972-03-28,1
1972-04-06,1
1972-04-12,1
1972-04-16,1
1972-04-17,1
1972-04-18,1
1972-04-20,1
1972-04-24,1
1972-04-26,1
1972-05-04,1
1972-05-05,1
1972-05-08,1
1972-05-10,1
1972-05-19,1
1972-05-21,1
1972-05-27,1
1972-05-29,1
1972-05-29,1
1972-05-30,2
1972-06-01,2
1972-06-03,1
1972-06-03,2
1972-06-05,2
1972-06-13,1
1972-06-13,1
1972-06-14,1
1972-06-15,1
1972-06-18,2
1972-06-18,1
1972-06-18,1
1972-06-18,1
1972-06-24,3
1972-06-25,1
1972-06-29,1
1972-06-29,1
1972-06-30,1
1972-07-05,1
1972-07-06,1
1972-07-11,1
1972-07-11,1
1972-07-20,1
1972-07-29,1
1972-08-12,2
1972-08-12,1
1972-08-14,1
1972-08-16,1
1972-08-27,1
1972-08-28,1
1972-08-31,1
1972-09-01,2
1972-09-07,1
1972-09-10,1
1972-09-13,2
1972-09-24,1
1972-09-24,1
1972-09-30,1
1972-10-02,1
1972-10-02,1
1972-10-12,1
1972-10-13,1
1972-10-13,1
1972-10-16,1
1972-10-21,1
1972-10-23,1
1972-10-27,1
1972-10-30,1
1972-10-31,1
1972-11-04,2
1972-11-17,1
1972-11-28,1
1972-11-29,1
1972-12-03,2
1972-12-05,1
1972-12-05,1
1972-12-06,1
1972-12-08,2
1973-02-12,1
1972-12-08,1
1972-12-15,1
1972-12-20,1
1972-12-21,1
1972-12-21,1
1972-12-23,1
1972-12-29,1
1972-12-31,1
1973-01-02,1
1973-01-19,1
1973-01-22,1
1973-01-22,1
1973-01-27,1
1973-01-27,1
1973-01-29,1
1973-01-31,1
1973-02-19,1
1973-02-19,1
1973-02-21,1
1973-02-21,4
1973-02-22,1
1973-02-24,2
1973-02-28,1
1973-02-28,1
1973-02-28,1
1973-02-28,2
1973-03-03,1
1973-03-05,1
1973-03-05,1
1973-03-07,1
1973-03-15,2
1973-03-15,1
1973-03-19,1
1973-04-10,1
1973-04-12,1
1973-04-12,1
1973-04-18,1
1973-04-19,2
1973-05-11,1
1973-05-16,1
1973-05-18,1
1973-05-19,1
1973-05-29,1
1973-05-31,1
1973-06-01,1
1973-06-03,1
1973-06-09,2
1973-06-20,1
1973-06-30,1
1973-07-11,1
1973-07-22,1
1973-07-23,1
1973-07-24,1
1973-07-31,1
1973-08-04,1
1973-10-13,1
1973-08-13,2
1973-08-15,1
1973-08-18,1
1973-08-22,1
1973-08-27,1
1973-08-28,1
1973-08-28,1
1973-09-04,1
1973-09-08,1
1973-09-09,1
1973-09-11,1
1973-09-20,1
1973-09-24,1
1973-09-25,1
1973-09-27,1
1973-09-30,1
1973-09-30,1
1973-10-02,1
1973-10-04,1
1973-10-23,1
1973-10-29,1
1973-10-31,1
1973-11-02,1
1973-11-03,2
1973-11-03,1
1973-11-17,1
1973-12-07,1
1973-12-09,1
1973-12-11,2
1973-12-16,1
1973-12-17,2
1973-12-18,1
1973-12-21,1
1973-12-21,1
1973-12-22,1
1973-12-23,1
1973-12-28,1
1974-01-01,1
1974-01-06,1
1974-01-06,1
1974-01-06,1
1974-01-09,1
1974-01-10,1
1974-01-17,2
1974-01-25,2
1974-01-25,2
1974-01-26,1
1974-01-27,1
1974-01-28,1
1974-01-30,1
1974-02-02,1
1974-02-09,1
1974-02-10,1
1974-02-22,1
1974-02-23,1
1974-02-28,2
1974-03-03,1
1974-03-08,1
1974-03-11,1
1974-03-13,1
1974-03-15,1
1974-04-04,1
1974-04-11,1
1974-04-22,1
1974-04-24,1
1974-04-27,1
1974-04-30,2
1974-05-02,1
1974-05-06,1
1974-05-23,1
1974-05-23,1
1974-05-31,2
1974-06-08,1
1974-06-27,1
1974-06-30,1
1974-07-24,1
1974-07-27,1
1974-08-05,1
1974-08-09,1
1974-08-11,1
1974-08-12,1
1974-08-13,1
1974-08-14,1
1974-08-18,1
1974-08-18,1
1974-09-07,1
1974-09-08,1
1974-09-11,1
1974-09-15,1
1974-09-19,1
1974-09-22,2
1974-10-01,1
1974-10-02,1
1974-10-09,2
1974-10-10,1
1974-10-13,1
1974-10-17,1
1974-10-19,3
1974-10-22,3
1974-10-24,1
1974-10-24,1
1975-11-09,1
1974-10-27,2
1974-10-28,1
1974-10-30,2
1974-11-07,1
1974-11-15,1
1974-11-15,1
1974-11-20,1
1974-11-20,1
1974-11-22,1
1974-12-01,1
1974-12-01,1
1974-12-04,1
1974-12-11,1
1974-12-12,1
1974-12-14,1
1974-12-22,1
1974-12-26,1
1974-12-29,1
1975-01-03,1
1975-01-03,1
1975-01-05,1
1975-01-06,1
1975-01-08,1
1975-01-09,1
1975-01-13,1
1975-01-15,1
1975-01-16,1
1975-01-30,1
1975-01-30,1
1975-02-01,1
1975-02-01,1
1975-02-03,1
1975-02-09,1
1975-02-16,1
1975-02-22,2
1975-02-27,1
1975-03-05,1
1975-03-12,2
1975-03-16,1
1975-03-18,1
1975-03-20,1
1975-04-04,1
1975-04-22,2
1975-04-28,1
1975-05-03,1
1975-05-10,2
1975-05-12,1
1975-05-13,1
1975-06-03,1
1975-06-17,1
1975-06-24,1
1975-06-26,1
1975-06-30,1
1975-07-02,2
1975-07-03,1
1975-07-10,1
1975-07-10,1
1975-07-15,1
1975-07-15,1
1975-07-26,1
1975-07-31,2
1975-08-03,1
1975-08-03,1
1975-08-07,1
1975-08-15,1
1975-08-20,1
1975-08-25,1
1975-08-30,2
1975-08-30,1
1975-09-01,2
1975-09-11,1
1975-09-24,1
1975-09-30,2
1975-09-30,2
1975-09-30,1
1975-10-23,2
1975-10-26,1
1975-10-27,1
1975-10-30,1
1975-11-03,1
1975-11-07,3
1975-11-18,1
1975-11-20,1
1975-11-22,1
1975-11-22,1
1975-11-25,1
1975-11-29,1
1975-11-30,1
1975-12-21,1
1975-12-26,1
1976-01-01,1
1976-01-03,2
1976-01-03,1
1976-01-06,1
1976-01-08,1
1976-01-15,1
1976-01-15,1
1976-01-18,1
1976-01-20,1
1976-01-21,2
1976-01-22,1
1976-01-30,1
1976-02-03,1
1976-02-04,1
1976-02-06,1
1976-09-02,1
1976-02-08,1
1976-02-09,2
1976-02-21,1
1976-03-01,1
1976-03-02,2
1976-03-06,2
1976-03-07,1
1976-03-07,1
1976-03-18,1
1976-04-02,1
1976-04-05,1
1976-04-08,1
1976-04-08,2
1976-04-14,1
1976-04-15,1
1976-04-23,1
1976-04-27,1
1976-04-27,2
1976-05-04,1
1976-05-05,1
1976-11-23,2
1976-05-09,1
1976-05-15,1
1976-05-18,1
1976-05-23,1
1976-06-01,1
1976-06-04,1
1976-06-06,1
1976-06-10,1
1976-06-27,1
1976-07-05,1
1976-07-24,1
1976-07-27,1
1976-07-28,1
1976-08-01,1
1976-08-02,1
1976-08-09,1
1976-08-15,1
1976-08-25,1
1976-08-28,1
1976-08-28,1
1976-08-28,1
1976-08-28,1
1976-09-03,1
1976-09-03,1
1976-09-09,1
1976-09-10,1
1976-09-19,1
1976-09-22,1
1976-09-22,1
1976-09-26,1
1976-10-04,1
1976-10-06,1
1976-10-09,1
1976-10-13,1
1976-10-13,1
1976-10-20,1
1976-10-25,1
1976-10-28,1
1976-11-04,1
1976-11-05,1
1976-11-12,1
1976-11-23,1
1976-11-28,1
1976-11-29,1
1976-12-12,1
1976-12-17,1
1976-12-25,1
1976-12-28,1
1976-12-31,1
1977-01-06,1
1977-01-13,1
1977-01-13,1
1977-01-14,1
1977-01-15,1
1977-01-20,1
1977-01-27,1
1977-02-11,1
1977-02-15,1
1977-02-28,1
1977-03-01,1
1977-03-03,2
1977-03-04,1
1977-07-06,1
1977-03-04,1
1977-03-27,1
1977-03-29,1
1977-03-30,1
1977-04-04,1
1977-04-10,1
1977-04-19,1
1977-04-27,1
1977-05-10,1
1977-05-13,1
1977-05-14,1
1977-05-16,1
1977-05-27,1
1977-05-31,1
1977-06-03,1
1977-06-20,1
1977-06-21,1
1977-07-08,1
1977-07-14,1
1977-07-20,1
1977-07-21,1
1977-07-24,1
1977-07-25,1
1977-07-25,1
1977-08-01,1
1977-08-07,1
1977-08-11,1
1977-08-12,1
1977-08-20,1
1977-08-20,1
1977-08-25,1
1977-09-02,1
1977-09-02,1
1977-09-04,1
1977-09-06,2
1977-09-08,1
1977-09-12,1
1977-09-14,1
1977-09-22,1
1977-09-23,1
1977-09-27,1
1977-10-01,1
1977-10-10,2
1977-10-20,1
1977-10-21,1
1977-11-03,1
1977-11-03,2
1977-11-19,1
1977-11-19,1
1977-11-21,1
1977-11-21,1
1977-11-26,1
1977-11-29,1
1977-12-02,1
1977-12-04,1
1977-12-08,1
1977-12-09,1
1977-12-11,1
1977-12-13,1
1977-12-14,1
1977-12-18,1
1977-12-18,1
1977-12-19,1
1977-12-21,1
1977-12-22,1
1977-12-24,1
1977-12-29,1
1978-01-01,1
1978-01-06,1
1978-01-24,1
1978-01-27,1
1978-01-31,1
1978-02-10,1
1978-02-10,1
1978-02-11,1
1978-02-18,2
1978-02-27,1
1978-02-28,1
1978-03-01,1
1978-03-01,1
1978-03-02,1
1978-03-03,1
1978-03-07,1
1978-03-14,1
1978-03-16,1
1978-03-22,1
1978-03-25,1
1978-03-26,1
1978-04-04,1
1978-04-05,1
1978-04-20,1
1978-04-23,1
1978-04-27,1
1978-04-29,3
1978-09-13,1
1978-05-08,1
1978-05-18,1
1978-05-19,1
1978-06-23,1
1978-06-26,1
1978-06-26,1
1978-07-24,1
1978-08-14,1
1978-08-25,1
1978-08-25,1
1978-08-26,1
1978-08-30,1
1978-09-02,1
1978-09-03,1
1978-09-03,1
1978-09-03,1
1978-09-09,1
1978-09-09,2
1978-09-09,1
1978-09-14,1
1978-09-17,1
1978-09-25,2
1978-09-25,2
1978-09-26,1
1978-10-03,1
1978-10-03,1
1978-10-07,1
1978-10-08,1
1978-10-22,1
1978-10-23,1
1978-10-24,1
1978-10-31,1
1978-11-05,1
1978-11-13,1
1978-11-15,1
1978-11-16,1
1978-11-18,1
1978-11-19,1
1978-11-21,1
1978-11-25,1
1978-11-28,1
1978-12-04,1
1978-12-16,1
1978-12-17,2
1978-12-19,1
1978-12-21,1
1978-12-23,1
1978-12-26,1
1978-12-28,1
1979-01-11,1
1979-01-15,1
1979-01-18,1
1979-01-19,1
1979-01-24,1
1979-01-27,1
1979-02-05,1
1979-02-08,1
1979-02-12,1
1979-02-12,1
1979-02-17,1
1979-02-19,1
1979-02-26,1
1979-02-26,1
1979-03-01,1
1979-03-02,1
1979-03-06,1
1979-03-10,1
1979-03-14,1
1979-03-14,1
1979-03-17,1
1979-03-20,1
1979-03-22,1
1979-03-22,2
1979-03-26,1
1979-03-29,1
1979-04-12,1
1979-04-14,2
1979-04-18,1
1979-04-23,1
1979-04-25,1
1979-05-25,1
1980-01-14,1
1979-05-25,1
1979-05-27,1
1979-05-30,1
1979-06-07,1
1979-06-09,1
1979-06-17,1
1979-07-11,1
1979-07-12,2
1979-07-12,1
1979-07-20,1
1979-07-23,2
1979-07-24,1
1979-07-31,1
1979-08-02,1
1979-08-03,1
1979-08-04,1
1979-08-04,1
1979-08-09,1
1979-08-11,1
1979-08-11,1
1979-08-22,1
1979-08-23,1
1979-08-29,1
1979-08-29,1
1979-09-03,1
1979-09-03,2
1979-09-11,1
1979-09-14,1
1979-09-14,1
1979-09-18,1
1979-09-19,1
1979-09-30,1
1979-10-03,1
1979-10-08,1
1979-10-08,1
1979-10-08,1
1979-10-22,1
1979-10-27,1
1979-10-28,1
1979-10-31,1
1979-11-01,1
1979-11-02,1
1979-11-12,1
1979-11-15,1
1979-11-16,1
1979-11-18,2
1979-11-26,2
1979-11-26,1
1979-11-28,1
1979-11-30,1
1979-12-03,1
1979-12-09,2
1979-12-12,1
1979-12-19,1
1979-12-22,1
1979-12-23,1
1979-12-23,1
1980-01-02,1
1980-01-11,1
1980-01-21,1
1980-01-23,1
1980-01-24,2
1980-02-03,1
1980-02-21,1
1980-02-21,1
1980-02-22,1
1980-02-27,1
1980-03-14,1
1980-03-14,1
1980-03-21,1
1980-03-21,2
1980-03-24,1
1980-03-30,1
1980-04-12,1
1980-04-24,1
1980-04-25,1
1980-04-27,2
1980-05-13,1
1980-05-13,1
1980-12-21,1
1980-05-19,1
1980-05-28,1
1980-06-02,1
1980-06-08,1
1980-06-12,1
1980-06-12,1
1980-06-15,1
1980-06-27,1
1980-07-07,1
1980-07-07,1
1980-07-12,1
1980-07-21,1
1980-07-25,3
1980-08-01,1
1980-08-03,1
1980-08-06,1
1980-08-07,1
1980-08-11,1
1980-08-13,1
1980-12-23,1
1981-01-14,1
1980-08-19,1
1980-08-26,1
1980-09-05,1
1980-09-10,1
1980-09-12,1
1980-09-14,1
1980-09-15,1
1980-09-17,1
1980-09-22,1
1980-09-30,1
1980-10-24,1
1980-11-04,1
1980-11-12,1
1980-11-17,1
1980-11-19,1
1980-11-24,1
1980-11-28,1
1980-12-05,1
1980-12-07,1
1980-12-12,2
1980-12-16,1
1981-08-27,1
1981-01-20,2
1981-01-27,2
1981-02-07,1
1981-02-10,1
1981-02-11,1
1981-02-22,1
1981-02-24,1
1981-02-25,1
1981-02-26,1
1981-03-02,1
1981-03-10,1
1981-03-15,1
1981-03-26,1
1981-03-27,1
1981-04-01,1
1981-04-06,1
1981-04-07,2
1981-04-17,1
1981-04-28,1
1981-05-06,1
1981-05-07,1
1981-05-16,1
1981-05-21,1
1981-05-22,1
1981-05-24,1
1981-05-28,1
1981-05-29,2
1981-06-13,1
1981-06-13,1
1981-06-17,1
1981-06-26,1
1981-06-30,1
1981-07-18,1
1981-07-20,1
1981-07-23,1
1981-07-24,1
1981-07-25,1
1981-07-27,1
1981-08-11,1
1981-08-22,1
1981-08-24,1
1981-08-29,1
1981-09-02,1
1981-09-18,1
1981-09-21,1
1981-09-22,2
1981-09-29,1
1981-10-01,1
1981-10-06,1
1981-10-15,1
1981-10-26,1
1981-10-31,1
1981-11-08,1
1981-11-15,1
1981-11-16,1
1981-11-19,1
1981-11-30,1
1981-12-01,1
1981-12-05,1
1981-12-10,1
1981-12-15,1
1981-12-16,1
1981-12-18,1
1983-06-05,1
1981-12-31,1
1982-01-07,1
1982-01-07,1
1982-01-13,1
1982-01-14,1
1982-01-23,1
1982-01-25,1
1982-02-03,1
1982-02-06,1
1982-02-07,1
1982-02-09,1
1982-02-09,1
1982-02-19,1
1982-02-21,1
1982-03-11,1
1982-06-24,1
1982-06-28,1
1982-03-19,1
1982-03-19,1
1982-03-20,1
1982-03-26,1
1982-04-11,1
1982-04-13,1
1982-04-26,2
1982-04-28,2
1982-04-30,1
1982-05-09,1
1982-05-12,1
1982-05-19,1
1982-05-25,1
1982-05-28,1
1982-06-01,1
1982-06-08,1
1982-06-12,1
1982-06-22,1
1982-07-03,1
1982-07-06,1
1982-07-09,2
1982-07-11,1
1982-07-14,1
1982-07-23,2
1982-07-24,1
1982-08-04,2
1982-08-11,1
1982-08-12,1
1982-08-14,1
1982-08-14,3
1982-08-20,2
1982-08-31,1
1982-09-01,1
1982-09-04,1
1982-09-11,1
1982-09-13,1
1982-09-17,2
1982-09-18,1
1982-09-21,1
1982-09-29,1
1982-10-20,1
1982-11-17,1
1982-11-23,1
1982-11-29,1
1982-11-30,1
1982-12-01,1
1982-12-07,1
1982-12-09,1
1982-12-09,1
1982-12-09,1
1982-12-15,1
1982-12-22,1
1982-12-23,1
1982-12-24,2
1983-01-09,1
1983-01-11,1
1983-01-14,1
1983-01-16,1
1983-02-13,1
1983-02-23,1
1983-03-09,1
1983-03-10,1
1983-03-11,1
1983-03-24,1
1983-03-30,1
1983-04-03,2
1983-04-07,1
1983-04-16,1
1983-04-19,1
1983-04-19,1
1983-04-26,1
1983-04-29,1
1983-04-30,4
1983-05-05,1
1983-05-05,1
1983-06-02,1
1983-06-02,2
1983-06-06,1
1983-06-16,1
1983-06-21,1
1983-06-25,1
1983-06-28,1
1983-07-01,1
1983-07-11,1
1983-07-16,2
1983-07-23,1
1983-07-26,1
1983-08-05,1
1983-08-11,1
1983-08-17,1
1983-08-27,1
1983-08-28,1
1983-08-30,1
1983-09-01,1
1983-09-02,1
1983-09-14,1
1983-09-23,1
1983-09-23,1
1983-09-28,1
1987-01-16,1
1983-10-05,1
1983-10-07,1
1983-10-08,1
1983-10-11,1
1983-10-28,1
1983-11-08,1
1983-11-23,1
1983-11-26,1
1983-11-27,2
1983-11-28,1
1983-12-07,1
1983-12-09,1
1983-12-14,2
1983-12-17,1
1983-12-24,1
1984-01-02,1
1984-01-09,1
1984-01-10,1
1984-01-13,1
1984-01-24,1
1984-01-28,1
1984-01-30,1
1984-02-16,1
1984-02-19,1
1984-02-20,1
1984-02-24,2
1984-02-27,1
1984-02-28,1
1984-02-28,1
1984-03-05,1
1984-03-13,2
1984-03-16,1
1984-03-24,3
1984-03-24,2
1984-03-31,1
1984-04-04,1
1984-04-18,2
1984-05-08,1
1984-05-15,1
1984-05-30,1
1984-06-04,1
1984-06-19,1
1984-06-28,1
1984-07-01,1
1984-07-11,1
1984-07-12,1
1984-07-21,2
1984-07-21,1
1984-07-25,2
1984-08-02,1
1984-08-05,2
1984-08-05,2
1984-08-08,1
1984-08-11,2
1984-08-15,1
1984-12-11,1
1984-08-24,1
1984-08-30,1
1984-09-06,2
1984-09-07,1
1984-09-11,1
1984-09-16,1
1984-09-18,1
1984-09-21,1
1984-09-26,1
1984-10-02,1
1984-10-09,1
1984-10-11,1
1984-10-11,1
1984-10-27,1
1984-10-28,1
1984-10-31,2
1984-11-19,2
1984-11-20,1
1984-12-04,1
1984-12-06,1
1986-03-22,1
1984-12-17,1
1984-12-19,1
1984-12-22,1
1984-12-23,1
1985-01-01,1
1985-01-09,1
1985-01-18,1
1985-01-19,2
1985-01-20,1
1985-01-21,2
1985-01-22,1
1985-01-23,1
1985-01-23,1
1985-02-01,1
1985-02-01,1
1985-02-04,1
1985-02-06,1
1989-10-18,1
1985-02-09,1
1985-02-16,1
1985-02-19,1
1985-02-19,2
1985-02-22,1
1985-02-25,1
1985-03-12,1
1985-03-28,1
1985-04-11,1
1985-04-13,2
1985-04-15,1
1985-04-16,1
1985-04-19,3
1985-04-20,1
1985-04-20,2
1985-05-03,1
1985-05-06,1
1985-05-15,1
1985-05-16,1
1985-05-21,1
1985-05-28,1
1985-05-31,1
1985-06-14,1
1985-06-23,1
1985-06-23,1
1985-06-28,1
1985-07-10,1
1985-07-19,1
1985-07-24,1
1985-08-02,1
1985-08-12,1
1985-08-12,1
1985-08-15,1
1985-08-20,2
1985-08-22,1
1985-08-25,1
1985-08-27,1
1985-08-30,1
1985-09-04,1
1985-09-06,1
1985-09-22,1
1985-09-23,1
1985-09-25,1
1985-09-29,1
1985-10-04,1
1985-10-09,1
1985-10-10,1
1985-10-11,1
1985-10-11,1
1985-10-11,1
1985-10-12,1
1985-10-22,1
1985-11-01,1
1985-11-15,1
1985-11-16,1
1985-11-21,1
1985-11-24,1
1985-11-25,1
1985-12-12,1
1985-12-30,1
1985-12-31,1
1986-01-18,1
1986-01-21,2
1986-01-28,2
1986-01-29,2
1986-02-05,1
1986-02-16,1
1986-03-02,1
1986-03-03,2
1986-03-13,1
1986-03-20,1
1986-03-24,1
1986-03-25,1
1986-03-27,1
1986-03-30,1
1986-03-31,1
1986-04-02,1
1986-04-02,1
1986-04-27,1
1986-05-01,1
1986-05-03,1
1986-05-03,2
1986-05-17,1
1986-05-17,1
1986-05-18,1
1986-05-24,1
1986-06-10,1
1986-06-12,1
1986-06-17,1
1986-06-18,1
1986-06-22,2
1986-07-02,1
1986-07-10,1
1986-07-26,1
1986-08-04,1
1986-08-14,2
1986-08-16,1
1986-08-21,2
1986-08-28,1
1986-08-28,1
1986-08-31,1
1986-09-03,1
1986-09-05,1
1986-09-09,1
1986-09-14,1
1986-09-19,1
1986-10-03,1
1986-10-04,2
1986-10-14,1
1986-10-15,1
1986-10-15,1
1986-10-16,1
1986-10-19,2
1986-10-20,2
1986-10-22,1
1986-10-23,1
1986-10-30,1
1986-11-02,1
1986-11-06,1
1986-11-25,1
1986-12-12,1
1986-12-15,2
1986-12-25,1
1986-12-27,1
1987-01-02,1
1987-01-03,1
1987-01-12,1
1987-01-13,1
1987-01-15,1
1987-01-16,1
1987-01-30,1
1987-02-05,1
1987-02-06,1
1987-02-09,1
1987-02-14,2
1987-03-04,2
1987-03-06,1
1987-03-13,1
1987-03-21,1
1987-03-27,1
1987-03-30,1
1987-04-01,1
1987-04-02,1
1987-04-04,2
1987-04-13,1
1987-04-23,1
1987-05-05,1
1988-10-04,1
1987-05-08,1
1987-05-09,1
1987-05-11,2
1987-05-13,2
1987-05-19,1
1987-05-23,1
1987-05-25,1
1987-05-30,2
1987-06-05,1
1987-06-11,2
1987-06-18,1
1987-06-19,1
1987-06-21,1
1987-06-26,1
1987-07-01,2
1987-07-24,1
1987-07-30,1
1987-07-31,4
1987-08-04,1
1988-01-18,1
1987-08-16,1
1987-08-18,1
1987-08-31,1
1987-09-08,1
1987-09-13,1
1987-09-21,1
1987-09-21,1
1987-10-11,1
1987-10-11,1
1987-10-15,1
1987-10-19,1
1987-11-04,1
1987-11-06,1
1987-11-10,1
1987-11-15,1
1987-11-23,1
1987-11-27,1
1988-01-19,1
1988-01-19,2
1987-11-28,1
1987-11-29,1
1987-12-03,1
1987-12-07,1
1987-12-08,1
1987-12-08,1
1987-12-13,1
1987-12-14,1
1987-12-21,1
1987-12-21,1
1987-12-22,1
1987-12-23,1
1987-12-23,1
1987-12-30,1
1988-01-02,1
1988-01-08,1
1988-01-18,1
1988-01-18,1
1988-01-24,1
1988-02-01,1
1988-02-03,1
1988-02-08,1
1988-02-19,1
1988-02-27,1
1988-02-27,1
1988-03-01,1
1988-03-04,2
1988-03-06,1
1988-03-08,1
1988-03-17,1
1988-03-31,1
1988-04-05,1
1988-04-10,2
1988-04-12,1
1988-04-16,1
1988-04-19,1
1988-04-27,1
1988-07-26,1
1988-10-07,1
1988-04-28,1
1988-05-06,1
1988-05-18,1
1988-05-24,1
1988-05-26,1
1988-05-26,2
1988-06-03,1
1988-06-08,1
1988-06-12,1
1988-06-18,1
1988-06-26,1
1988-07-03,1
1988-07-06,1
1988-07-20,1
1988-07-21,1
1988-07-30,1
1988-08-02,1
1988-08-02,1
1988-08-15,1
1988-08-17,1
1988-08-19,1
1988-08-23,1
1988-08-26,1
1988-08-28,1
1988-08-31,1
1988-08-31,1
1988-08-31,1
1988-08-31,1
1988-09-05,1
1988-09-09,1
1988-09-12,1
1988-09-15,1
1988-09-15,2
1988-09-19,1
1988-10-11,1
1988-10-16,1
1988-10-17,1
1988-10-19,1
1988-10-19,1
1988-10-25,2
1988-11-02,1
1988-11-13,1
1988-11-14,1
1988-11-17,1
1988-11-18,1
1988-11-30,2
1988-12-07,1
1988-12-08,3
1988-12-10,1
1988-12-11,1
1988-12-14,2
1988-12-17,1
1988-12-21,1
1989-03-15,1
1989-01-08,1
1989-01-12,1
1989-01-17,1
1989-01-29,1
1989-01-31,1
1989-02-03,1
1989-02-06,1
1989-02-08,1
1989-02-09,2
1989-02-19,1
1989-02-19,1
1989-02-24,1
1989-02-25,1
1989-02-28,1
1989-03-10,1
1989-03-10,1
1989-03-18,1
1989-03-20,2
1989-03-21,1
1989-04-10,1
1989-04-19,1
1989-04-26,1
1989-05-05,1
1989-05-06,1
1989-05-08,1
1989-05-09,1
1989-06-07,1
1989-06-11,1
1989-06-11,1
1989-06-17,1
1989-06-18,1
1989-06-22,1
1989-06-27,1
1989-06-28,1
1989-06-28,1
1989-06-29,1
1989-07-19,1
1989-07-19,1
1989-07-19,1
1989-07-21,1
1989-07-21,1
1989-07-23,2
1989-07-26,1
1989-07-27,1
1989-07-27,1
1989-07-31,1
1989-08-03,1
1989-08-07,2
1989-08-08,1
1989-08-13,2
1989-08-15,1
1989-08-21,1
1989-08-25,2
1989-08-28,1
1989-09-03,1
1989-09-03,1
1989-09-08,1
1989-09-15,1
1989-09-15,3
1989-09-19,1
1989-09-20,2
1989-09-20,1
1989-09-21,2
1989-09-21,1
1989-09-23,1
1989-09-26,1
1989-09-26,1
1989-09-27,1
1989-09-28,1
1989-10-04,1
1989-10-06,1
1989-10-10,1
1989-10-10,1
1989-10-20,1
1989-10-21,1
1989-10-26,1
1989-10-27,1
1989-10-28,1
1989-11-09,1
1989-11-10,1
1989-11-14,1
1989-11-21,1
1989-11-23,1
1989-11-25,1
1989-11-27,1
1989-11-27,1
1989-11-28,1
1989-11-28,1
1989-12-01,1
1989-12-21,1
1990-02-05,1
1989-12-26,1
1989-12-28,1
1989-12-30,1
1990-01-02,1
1990-01-13,1
1990-01-15,2
1990-01-17,1
1990-01-18,1
1990-01-23,1
1990-01-25,2
1990-01-25,1
1990-01-27,1
1990-01-29,1
1990-01-29,1
1990-02-12,1
1990-02-14,1
1990-02-17,1
1990-02-27,1
1990-03-01,1
1990-03-05,1
1990-03-08,1
1990-03-12,1
1990-03-21,1
1990-03-23,1
1990-03-27,1
1990-03-27,1
1990-04-06,1
1990-04-12,1
1990-04-18,1
1990-04-20,1
1990-04-26,1
1990-04-30,1
1990-04-30,1
1990-05-05,1
1990-05-10,1
1990-05-11,1
1990-05-11,1
1990-05-11,1
1990-05-18,2
1990-06-06,1
1990-06-06,1
1990-06-10,1
1990-06-25,1
1990-07-02,1
1990-07-05,2
1990-07-12,1
1990-07-27,1
1990-07-31,1
1990-08-01,1
1990-08-10,1
1990-08-21,1
1990-08-27,1
1992-12-14,1
1990-08-29,1
1990-09-03,1
1990-09-11,1
1990-09-12,1
1990-09-14,1
1990-09-20,2
1990-09-24,1
1990-10-02,1
1990-10-02,1
1990-10-03,1
1990-10-19,2
1990-10-24,1
1990-11-11,1
1990-11-14,1
1990-11-18,1
1990-11-19,1
1991-02-17,1
1990-11-21,1
1990-11-25,1
1990-12-03,1
1990-12-04,1
1990-12-06,2
1990-12-21,1
1991-01-10,1
1991-01-11,1
1991-01-30,1
1991-01-31,1
1991-02-01,1
1991-02-05,1
1991-02-07,1
1991-02-13,1
1991-02-14,1
1991-02-20,1
1991-03-03,1
1991-03-05,1
1991-03-11,1
1991-03-16,1
1991-03-16,1
1991-03-18,1
1991-03-18,1
1991-03-21,1
1991-03-21,1
1991-03-23,1
1991-03-25,2
1991-04-01,1
1991-04-04,1
1991-04-04,1
1991-04-05,1
1991-04-19,1
1991-05-05,1
1991-05-09,1
1991-05-13,1
1991-05-15,1
1991-05-23,1
1991-05-24,1
1991-05-26,1
1991-06-01,1
1991-06-10,1
1991-06-20,2
1991-06-26,1
1991-06-26,1
1991-07-04,1
1991-07-09,1
1991-07-10,1
1991-07-11,1
1991-09-27,1
1991-07-22,1
1991-07-23,1
1991-07-25,1
1991-08-06,1
1991-08-14,1
1991-08-14,1
1991-08-15,1
1991-08-16,1
1991-08-20,1
1991-08-28,1
1991-09-03,1
1991-09-03,1
1991-09-11,1
1991-09-16,1
1991-09-16,1
1991-09-17,1
1991-09-18,1
1991-09-23,1
1991-09-26,1
1991-09-29,1
1991-10-05,1
1991-10-08,1
1991-10-13,1
1991-10-25,1
1991-10-25,1
1991-10-30,1
1991-11-01,1
1991-11-07,1
1991-11-11,1
1991-11-16,1
1991-11-16,1
1991-11-20,1
1991-11-20,2
1991-11-21,1
1991-11-25,1
1991-11-26,1
1991-11-29,1
1991-12-10,1
1991-12-11,1
1991-12-22,1
1991-12-27,1
1991-12-27,1
1991-12-29,1
1992-01-03,2
1992-01-13,1
1992-01-20,1
1992-01-27,1
1992-01-28,1
1992-02-03,1
1992-02-06,1
1992-02-09,1
1992-02-15,2
1992-02-20,1
1992-03-02,1
1992-03-12,1
1992-03-12,1
1992-03-22,1
1992-03-22,1
1992-03-24,1
1992-04-04,2
1992-04-07,1
1992-04-10,1
1992-04-15,1
1992-04-16,1
1992-04-17,1
1992-04-22,1
1992-04-22,1
1992-04-26,1
1992-04-28,1
1992-06-06,1
1992-06-07,1
1992-06-08,1
1992-06-12,1
1992-06-19,1
1992-06-19,1
1992-06-22,1
1992-06-22,1
1992-06-28,1
1992-07-05,2
1992-07-13,1
1992-07-14,1
1992-07-14,1
1992-07-20,1
1992-07-24,1
1992-07-24,1
1992-07-27,1
1992-07-28,1
1992-07-29,1
1992-09-28,1
1992-07-30,2
1992-07-31,1
1992-07-31,1
1992-08-21,1
1992-08-25,1
1992-08-27,1
1992-08-27,2
1992-08-27,1
1992-08-27,2
1992-08-31,1
1992-09-07,1
1992-09-10,1
1992-09-12,1
1992-09-16,1
1992-09-18,1
1992-09-19,1
1992-09-21,1
1992-09-26,2
1992-10-04,1
1992-10-07,1
1992-10-08,1
1992-10-09,1
1992-10-18,1
1992-10-19,1
1992-10-21,1
1992-10-29,1
1992-10-31,1
1992-11-08,1
1992-11-11,1
1992-11-11,1
1992-11-14,1
1992-11-15,1
1992-11-19,1
1992-11-24,1
1992-11-30,2
1992-12-09,1
1992-12-13,1
1992-12-21,1
1992-12-22,1
1993-01-03,1
1993-01-06,1
1993-01-09,1
1993-01-13,1
1993-01-14,1
1993-01-27,1
1993-01-31,1
1993-02-08,1
1993-02-10,2
1993-02-20,1
1993-02-28,1
1993-03-05,1
1993-03-14,1
1993-03-19,1
1993-03-23,1
1993-03-31,1
1993-04-01,2
1993-04-01,1
1993-04-02,1
1993-04-06,1
1993-04-19,1
1993-04-23,1
1993-04-26,1
1993-04-27,1
1993-04-27,1
1993-04-28,1
1993-05-11,1
1993-05-15,2
1993-05-19,1
1993-06-06,1
1993-06-07,1
1993-06-09,1
1993-06-16,1
1993-06-17,1
1993-07-01,1
1993-07-06,1
1993-07-12,1
1993-07-12,1
1993-07-23,2
1993-07-26,2
1993-07-30,1
1993-07-31,1
1993-08-07,1
1993-08-18,2
1993-08-26,1
1993-08-28,2
1993-09-14,1
1993-09-21,1
1993-09-22,1
1993-09-23,1
1993-10-04,1
1993-10-25,2
1993-10-26,2
1993-10-27,1
1993-11-06,1
1993-11-10,1
1993-11-13,1
1993-11-15,1
1993-11-20,2
1993-11-21,1
1993-12-01,1
1993-12-03,1
1993-12-09,1
1993-12-13,1
1993-12-15,1
1993-12-15,1
1993-12-26,1
1994-01-03,1
1994-10-02,1
1994-01-05,1
1994-01-07,1
1994-01-18,1
1994-02-24,2
1994-02-25,1
1994-02-25,1
1994-03-02,1
1994-03-08,1
1994-03-09,1
1994-03-14,3
1994-03-17,1
1994-03-18,1
1994-03-18,1
1994-03-21,1
1994-03-23,1
1994-06-02,1
1994-03-23,2
1994-03-23,1
1994-04-03,1
1994-04-04,1
1994-04-06,1
1994-04-06,1
1994-04-14,1
1994-04-25,1
1994-04-26,1
1994-04-27,1
1994-04-29,1
1994-05-07,1
1994-05-23,1
1994-05-28,1
1994-08-07,1
1994-06-06,1
1994-06-13,1
1994-06-18,1
1994-06-18,1
1994-06-22,1
1994-06-26,1
1994-06-29,1
1994-06-30,1
1994-07-01,1
1994-07-02,1
1994-07-11,1
1994-07-14,1
1994-07-17,1
1994-07-17,1
1994-07-19,1
1994-07-26,1
1994-08-05,1
1994-08-10,1
1994-08-11,1
1994-08-12,1
1994-08-14,1
1994-08-21,1
1994-09-08,1
1994-09-13,1
1994-09-17,2
1994-09-18,1
1994-09-23,1
1994-09-26,1
1994-09-28,1
1994-09-29,1
1994-09-30,1
1994-12-15,1
1994-10-08,1
1994-10-12,1
1994-10-14,1
1994-10-26,1
1994-10-29,1
1994-10-29,1
1994-10-31,2
1994-11-01,1
1994-11-04,1
1994-11-05,1
1994-11-16,2
1994-11-22,1
1994-11-22,1
1994-11-25,1
1994-12-10,1
1994-12-10,1
1994-12-13,1
1994-12-17,1
1994-12-17,1
1994-12-21,1
1994-12-26,1
1994-12-29,2
1995-01-05,1
1995-01-10,1
1995-01-11,1
1995-01-11,1
1995-01-11,1
1995-01-12,1
1995-01-14,1
1995-01-14,1
1995-01-17,1
1995-01-20,1
1995-01-20,2
1995-01-30,1
1995-02-13,1
1995-02-16,4
1995-03-16,1
1995-03-22,1
1995-03-29,1
1995-03-31,1
1995-04-17,1
1995-04-23,2
1995-04-27,2
1995-04-29,1
1995-05-01,1
1995-05-03,1
1995-05-09,1
1995-05-13,1
1995-05-24,1
1995-05-25,1
1995-05-29,1
1995-06-08,1
1995-06-09,1
1995-06-14,2
1995-06-16,1
1995-06-17,1
1995-06-24,1
1995-06-27,1
1995-06-30,1
1995-07-01,1
1995-07-07,1
1995-07-12,1
1995-07-17,1
1995-07-18,1
1995-07-25,1
1995-08-02,1
1995-08-09,1
1995-08-09,1
1995-08-14,1
1995-08-21,1
1995-09-01,1
1995-09-02,1
1995-09-02,1
1995-09-09,1
1995-09-11,1
1995-09-12,1
1995-09-13,1
1995-09-15,1
1995-09-16,1
1995-09-21,1
1995-09-22,1
1995-09-24,1
1995-09-27,1
1995-10-03,1
1995-10-04,1
1995-10-10,1
1995-10-22,2
1995-10-31,1
1995-11-09,2
1995-11-13,1
1995-11-22,1
1995-11-29,1
1995-11-30,1
1995-12-03,1
1995-12-05,1
1995-12-07,2
1995-12-08,1
1995-12-13,2
1995-12-18,1
1995-12-20,1
1995-12-22,1
1996-03-12,1
1996-01-08,1
1996-01-08,1
1996-01-18,1
1996-01-22,1
1996-01-29,2
1996-02-04,1
1996-02-05,1
1996-02-06,1
1996-02-06,1
1996-02-11,1
1996-02-12,1
1996-02-16,1
1996-02-19,1
1996-02-26,1
1996-02-27,1
1996-02-29,1
1996-03-02,1
1996-03-09,1
1996-03-13,1
1996-03-17,1
1996-04-03,1
1996-04-05,1
1996-04-05,1
1996-04-11,1
1996-05-03,1
1996-05-09,1
1996-05-10,1
1996-05-11,2
1996-05-11,1
1996-05-19,1
1996-06-06,1
1996-06-09,1
1996-06-12,1
1996-06-13,1
1996-06-21,1
1996-07-06,1
1996-07-09,1
1996-07-11,1
1996-07-15,1
1996-07-17,1
1996-07-17,1
1996-07-20,1
1996-07-24,1
1996-08-12,1
1996-08-14,1
1996-08-17,1
1996-08-18,1
1996-08-19,1
1996-08-29,1
1996-09-13,1
1996-09-23,2
1996-09-25,1
1996-10-02,1
1996-10-03,1
1996-10-06,1
1996-10-08,1
1996-10-13,2
1996-10-20,1
1996-10-22,1
1996-10-26,1
1996-10-31,1
1996-11-01,1
1996-11-07,1
1997-03-12,1
1996-11-07,1
1996-11-12,2
1996-11-13,1
1996-11-14,1
1996-11-19,2
1996-11-22,1
1996-11-23,1
1996-11-26,1
1996-11-27,1
1996-11-30,1
1996-12-07,2
1996-12-09,1
1996-12-17,2
1996-12-21,1
1996-12-22,1
1996-12-24,1
1996-12-24,1
1997-01-02,1
1997-01-07,1
1997-01-09,1
1997-01-29,1
1997-01-31,1
1997-02-01,1
1997-02-02,1
1997-02-04,1
1997-02-14,1
1997-02-19,1
1997-03-04,1
1997-03-07,1
1997-03-13,1
1997-03-18,1
1997-04-01,1
1997-04-04,1
1997-04-10,1
1997-04-14,1
1997-04-15,1
1997-04-16,2
1997-04-19,1
1997-04-23,1
1997-05-08,1
1997-06-06,1
1997-06-10,1
1997-07-03,1
1997-07-05,1
1997-07-06,1
1997-07-09,1
1997-07-11,1
1997-07-12,1
1997-07-17,1
1997-07-18,1
1997-07-21,1
1997-07-29,2
1997-07-30,1
1997-08-06,1
1997-08-07,1
1997-08-10,1
1997-08-10,1
1997-08-14,2
1997-08-15,1
1997-08-29,1
1997-09-03,1
1997-09-06,2
1997-09-12,1
1997-09-13,1
1997-09-26,1
1997-10-08,1
1997-10-09,1
1997-10-10,2
1997-10-10,1
1997-10-12,1
1997-10-29,1
1997-10-30,2
1997-11-08,3
1997-12-05,1
1997-12-09,1
1997-12-13,1
1997-12-16,2
1997-12-16,1
1997-12-17,1
1997-12-19,2
1997-12-20,1
1997-12-27,1
1997-12-28,1
1997-12-31,1
1998-01-09,1
1998-01-13,1
1998-01-13,1
1998-01-27,1
1998-02-02,1
1998-02-03,1
1998-02-04,1
1998-02-05,1
1998-02-12,1
1998-02-16,1
1998-03-05,1
1998-03-07,1
1998-03-10,1
1998-03-18,1
1998-03-19,1
1998-03-22,1
1998-03-28,1
1998-03-31,1
1998-04-20,1
1998-05-05,2
1998-05-12,1
1998-05-25,1
1998-05-25,1
1998-05-26,1
1998-06-18,1
1998-06-25,1
1998-07-13,1
1998-07-16,1
1998-07-17,1
1998-07-23,1
1998-07-27,1
1998-07-28,1
1998-07-29,1
1998-07-30,1
1999-02-25,1
1998-07-30,1
1998-08-04,1
1998-08-11,1
1998-08-19,1
1998-08-21,1
1998-08-23,1
1998-08-24,1
1998-08-24,1
1998-08-29,1
1998-09-02,1
1998-09-02,1
1998-09-09,1
1998-09-10,2
1999-07-01,1
2001-01-08,1
1998-09-14,1
1998-09-25,1
1998-09-28,1
1998-09-29,1
1998-10-02,1
1998-10-10,1
1998-10-21,1
1998-10-21,1
1998-10-25,1
1998-11-01,1
1998-11-11,1
1998-11-17,1
1998-11-21,1
1998-11-23,1
1998-11-27,1
1998-12-02,1
1998-12-07,1
1999-07-02,1
1998-12-11,1
1998-12-14,1
1998-12-17,1
1998-12-22,1
1998-12-26,1
1999-01-02,1
1999-01-12,1
1999-01-13,1
1999-01-13,1
1999-01-16,1
1999-01-17,1
1999-01-21,1
1999-02-02,1
1999-02-03,1
1999-02-08,1
1999-02-12,1
1999-02-24,1
1999-03-07,1
1999-03-18,1
1999-03-19,1
1999-04-07,1
1999-04-07,1
1999-04-08,1
1999-04-15,1
1999-05-08,1
1999-05-24,1
1999-05-29,1
1999-06-01,1
1999-06-03,1
1999-06-09,1
1999-06-09,1
1999-06-17,1
1999-06-25,1
1999-06-30,1
1999-07-04,1
1999-07-07,1
1999-07-09,1
1999-07-16,1
1999-07-20,1
1999-07-23,1
1999-07-23,1
1999-07-24,1
1999-07-31,2
1999-08-07,1
1999-08-12,1
1999-08-22,1
1999-08-24,1
1999-08-26,1
1999-08-31,1
1999-09-01,1
1999-09-03,1
1999-09-05,2
1999-09-05,1
1999-09-14,1
1999-09-14,1
1999-09-17,1
1999-09-25,2
1999-10-02,1
1999-10-24,1
1999-10-24,1
1999-10-25,1
1999-10-31,1
1999-10-31,1
2001-01-04,1
1999-11-09,1
1999-11-12,1
1999-11-26,1
1999-12-05,1
1999-12-06,1
1999-12-07,1
1999-12-07,1
1999-12-09,1
1999-12-09,1
1999-12-10,1
1999-12-11,1
1999-12-21,1
2000-04-05,1
2000-04-19,1
1999-12-22,1
1999-12-24,1
1999-12-25,1
1999-12-25,1
1999-12-29,1
2000-01-05,1
2000-01-10,1
2000-01-13,1
2000-01-15,1
2000-01-25,1
2000-01-30,1
2000-04-19,1
2000-07-02,1
2000-01-31,1
2000-02-02,1
2000-02-05,1
2000-02-16,1
2000-03-05,1
2000-03-09,1
2000-03-17,1
2000-03-17,1
2000-03-22,1
2000-03-24,1
2000-03-25,1
2000-04-01,1
2000-06-23,1
2000-04-19,1
2000-04-29,1
2000-05-02,1
2000-05-03,1
2000-05-10,2
2000-05-17,1
2000-05-21,2
2000-05-25,1
2000-05-25,1
2000-05-31,1
2000-06-05,1
2000-06-14,1
2000-06-21,1
2000-06-22,1
2000-06-27,1
2000-07-08,1
2000-07-09,1
2000-07-13,1
2000-07-17,1
2000-07-19,1
2000-07-20,1
2000-07-21,1
2000-07-25,1
2000-07-26,2
2000-07-27,1
2000-08-02,1
2000-08-06,1
2000-08-09,1
2000-08-12,1
2000-08-14,1
2000-08-15,1
2000-08-23,1
2000-08-25,1
2000-08-26,1
2000-09-02,1
2000-09-04,2
2000-09-16,1
2000-09-18,1
2000-10-06,1
2000-12-11,1
2000-10-08,1
2000-10-09,1
2000-10-10,1
2000-10-16,1
2000-10-19,1
2000-10-25,1
2000-10-31,1
2000-10-31,1
2000-11-07,1
2000-11-09,1
2000-11-15,1
2000-11-20,1
2000-11-25,1
2001-01-14,1
2001-01-23,1
2001-01-25,1
2001-01-27,1
2001-01-31,1
2001-02-08,1
2001-02-08,1
2001-02-10,1
2001-02-27,2
2001-03-02,1
2001-03-03,1
2001-03-03,1
2001-03-15,1
2001-03-17,1
2001-03-24,1
2001-03-26,1
2001-03-29,1
2001-04-02,1
2001-04-04,1
2001-04-07,1
2001-04-28,1
2001-05-16,1
2001-05-17,2
2001-05-17,1
2001-05-22,1
2001-06-15,1
2001-07-04,1
2001-07-05,1
2001-07-12,1
2001-07-14,1
2001-07-30,1
2001-08-05,1
2001-08-10,1
2001-08-23,1
2001-08-24,1
2001-08-24,1
2001-08-25,1
2001-08-29,1
2001-09-11,1
2001-09-11,1
2001-09-11,1
2001-09-11,2
2001-09-12,1
2001-09-15,1
2001-09-18,1
2001-10-03,1
2001-10-04,1
2001-10-08,2
2001-10-08,1
2001-10-10,1
2001-10-10,1
2001-10-11,1
2001-10-13,1
2001-10-18,1
2001-11-12,1
2001-11-19,1
2001-11-22,1
2001-11-23,1
2001-11-24,1
2001-11-27,1
2001-11-28,1
2001-12-01,1
2001-12-01,1
2001-12-10,1
2001-12-14,1
2001-12-16,1
2001-12-20,1
2001-12-26,1
2002-01-01,1
2002-01-04,1
2002-01-09,1
2002-01-14,1
2002-01-15,1
2002-01-16,1
2002-01-17,1
2002-01-19,2
2002-01-27,1
2002-01-28,1
2002-02-02,1
2002-02-12,1
2002-02-15,1
2002-02-21,1
2002-02-22,1
2002-03-09,1
2002-03-14,1
2002-03-15,1
2002-03-17,1
2002-04-01,1
2002-04-12,1
2002-04-15,1
2002-04-18,1
2002-04-19,1
2002-04-24,1
2002-04-28,1
2002-05-04,1
2002-05-07,1
2002-05-07,1
2002-05-21,1
2002-05-25,1
2002-05-25,1
2002-06-01,1
2002-06-02,2
2002-06-04,1
2002-06-11,1
2002-06-12,1
2002-07-01,1
2002-07-04,1
2002-07-04,1
2002-07-12,1
2002-07-16,1
2002-07-16,1
2002-07-17,1
2002-07-27,1
2002-07-28,1
2002-08-07,1
2002-08-15,1
2002-08-19,1
2002-08-22,1
2002-08-29,1
2002-08-30,1
2002-08-30,1
2002-09-02,1
2002-09-04,1
2002-09-13,3
2002-09-14,1
2002-09-28,1
2002-10-01,1
2002-10-07,1
2002-10-23,1
2002-10-25,1
2002-11-06,1
2002-11-07,1
2002-11-08,1
2002-11-11,1
2002-11-28,1
2002-12-09,1
2002-12-13,1
2003-11-15,1
2002-12-17,1
2002-12-21,1
2002-12-23,1
2002-12-25,1
2002-12-26,1
2002-12-27,1
2003-01-08,1
2003-01-08,1
2003-01-09,1
2003-01-17,1
2003-01-24,1
2003-01-31,1
2003-02-07,1
2003-02-10,2
2003-02-16,1
2003-02-19,1
2003-02-20,1
2003-03-01,1
2003-03-06,1
2003-03-27,1
2003-03-28,1
2003-05-08,1
2003-05-26,1
2003-05-28,1
2003-06-01,1
2003-06-04,2
2003-06-06,1
2003-06-11,1
2003-06-15,1
2003-06-22,1
2003-06-25,1
2003-06-25,1
2003-06-26,1
2003-06-30,1
2003-07-01,2
2003-07-05,1
2003-07-08,1
2003-07-13,1
2003-07-13,1
2003-07-19,1
2003-07-23,1
2003-08-04,1
2003-08-08,1
2003-08-20,1
2003-08-24,1
2003-08-26,1
2003-09-11,1
2003-09-19,1
2003-09-19,1
2003-09-20,1
2003-09-27,1
2003-10-03,1
2003-10-03,1
2003-10-11,1
2003-10-26,1
2003-10-27,1
2003-10-29,1
2003-11-02,1
2003-11-08,1
2003-11-08,1
2003-11-29,1
2003-11-29,1
2003-12-16,1
2003-12-18,1
2003-12-23,2
2003-12-25,1
2004-01-03,1
2004-01-13,1
2004-01-17,1
2004-01-28,1
2004-02-06,1
2004-02-10,1
2004-02-24,1
2004-03-01,1
2004-03-04,2
2004-03-10,1
2004-07-12,1
2004-03-16,1
2004-03-18,1
2004-03-21,1
2004-05-02,1
2004-05-04,1
2004-05-05,1
2004-05-06,1
2004-05-11,1
2004-05-14,1
2004-05-18,1
2004-05-18,1
2004-05-23,1
2004-05-25,1
2004-06-08,1
2004-06-11,1
2004-06-28,1
2004-07-02,1
2004-07-10,1
2004-07-22,1
2004-07-29,1
2004-08-13,1
2004-08-17,1
2004-08-18,1
2004-08-21,1
2004-08-24,1
2004-08-24,1
2004-08-27,1
2004-09-09,1
2004-09-11,1
2004-09-29,1
2004-10-05,1
2004-11-22,1
2004-11-27,1
2004-10-14,1
2004-10-14,1
2004-10-15,1
2004-10-16,1
2004-10-19,1
2004-10-24,1
2004-10-24,1
2004-11-18,1
2004-11-21,1
2004-11-28,1
2004-11-30,1
2004-11-30,1
2004-12-06,1
2004-12-07,1
2004-12-10,1
2004-12-11,1
2004-12-11,1
2005-01-13,3
2005-01-13,1
2005-01-13,1
2005-01-26,1
2005-01-27,1
2005-01-30,1
2005-02-03,2
2005-02-03,1
2005-02-10,1
2005-02-16,1
2005-02-22,1
2005-02-22,1
2005-03-08,1
2005-03-15,1
2005-03-16,1
2005-03-23,1
2005-03-26,2
2005-03-31,1
2005-04-12,2
2005-04-20,2
2005-04-28,1
2005-05-02,1
2005-05-05,1
2005-05-07,2
2005-05-16,1
2005-05-18,1
2005-05-25,1
2005-06-02,1
2005-07-16,1
2005-08-02,1
2005-08-06,2
2005-08-10,1
2005-08-14,1
2005-08-16,1
2005-08-23,1
2005-09-05,1
2005-09-05,1
2005-09-09,1
2005-09-15,1
2005-09-16,1
2005-09-23,1
2005-10-04,1
2005-10-06,1
2005-10-22,1
2005-11-19,1
2005-12-06,1
2005-12-08,1
2005-12-10,1
2005-12-19,1
2005-12-23,1
2006-11-17,1
2005-12-28,1
2006-01-02,1
2006-01-08,1
2006-01-09,1
2006-01-19,1
2006-01-21,1
2006-02-05,1
2006-02-08,1
2006-03-07,1
2006-03-09,1
2006-03-18,1
2006-03-24,1
2006-03-31,1
2006-04-10,1
2006-04-23,1
2006-04-23,1
2006-04-24,1
2006-04-28,1
2006-05-03,1
2006-05-14,1
2006-05-23,
2006-06-02,
2006-06-03,
2006-06-08,
2006-06-11,
2006-06-21,
2006-06-30,
2006-07-02,
2006-07-07,
2006-07-09,
2006-07-10,
2006-08-03,
2006-11-18,
2006-08-04,
2006-08-13,
2006-08-22,
2006-08-27,
2006-09-01,
2006-09-02,
2006-09-11,
2006-09-17,
2006-09-29,
2006-10-10,
2006-10-19,
2006-10-29,
2006-11-27,
2006-12-10,
2006-12-14,
2006-12-16,
2007-01-01,
2007-01-05,
2007-01-09,
2007-01-10,
2007-01-12,
2007-01-20,
2007-01-25,
2007-02-06,
2007-02-07,
2007-03-07,
2007-03-08,
2007-03-11,
2007-03-14,
2007-03-17,
2007-03-23,
2007-04-25,
2007-04-27,
2007-05-05,
2007-05-06,
2007-05-17,
2007-05-24,
2007-06-03,
2007-06-04,
2007-06-13,
2007-06-16,
2007-06-21,
2007-06-25,
2007-06-28,
2007-07-05,
2007-07-05,
2007-07-08,
2007-07-17,
2007-07-23,
2007-07-24,
2007-07-29,
2007-08-05,
2007-08-09,
2007-08-16,
2007-08-22,
2007-08-22,
2007-08-26,
2007-09-07,
2008-01-12,
2007-09-16,
2007-09-24,
2007-10-04,
2007-10-04,
2007-10-07,
2007-10-08,
2007-11-04,
2007-11-08,
2007-11-30,
2007-12-03,
2007-12-05,
2007-12-09,
2008-01-04,
2008-01-05,
2008-01-14,
2008-01-17,
2008-01-19,
2008-01-23,
2008-01-26,
2008-02-21,
2008-02-26,
2008-03-03,
2008-03-15,
2008-04-03,
2008-04-09,
2008-04-11,
2008-04-15,
2008-04-16,
2008-04-28,
2008-05-02,
2008-05-17,
2008-05-23,
2008-05-24,
2008-05-26,
2008-05-29,
2008-05-30,
2008-06-07,
2008-06-08,
2008-06-10,
2008-06-18,
2008-06-20,
2008-06-26,
2008-06-27,
2008-06-29,
2008-06-30,
2008-07-06,
2008-07-07,
2008-07-10,
2008-07-31,
2008-08-03,
2008-08-05,
2008-08-06,
2008-08-13,
2008-08-20,
2008-08-24,
2008-08-24,
2008-08-30,
2008-09-01,
2008-09-01,
2008-09-03,
2008-09-14,
2008-09-19,
2008-09-27,
2008-10-08,
2008-10-15,
2008-11-04,
2008-11-08,
2008-11-13,
2008-11-16,
2008-11-27,
2008-12-03,
2008-12-11,
2008-12-15,
2009-01-04,
2009-01-15,
2009-02-07,
2009-02-07,
2009-02-12,
2009-02-15,
2009-02-20,
2009-02-25,
2009-03-09,
2009-03-12,
2009-03-22,
2009-03-23,
2009-04-01,
2009-04-06,
2009-04-09,
2009-04-17,
2009-04-17,
2009-04-29,
2009-05-03,
2009-05-20,
2009-05-26,
2009-06-01,
2009-06-07,
2009-06-08,
2009-06-29,
2009-06-30,
2009-07-15,
2009-07-24,
2009-08-02,
2009-08-04,
2009-08-11,
2009-08-14,
2009-08-16,
2009-08-26,
2009-09-07,
2009-09-22,
2009-09-24,
2009-10-09,
2009-10-13,
2009-10-17,
2009-10-21,
2009-10-22,
2009-10-26,
2009-10-26,
2009-10-29,
2009-11-01,
2009-11-02,
2009-11-09,
2009-11-12,
2009-11-15,
2009-11-23,
2009-11-28,
2009-12-09,
2009-12-17,
2009-12-20,
2010-01-05,
2010-01-21,
2010-01-25,
2010-01-25,
2010-01-28,
2010-02-14,
2010-03-22,
2010-04-10,
2010-04-12,
2010-04-13,
2010-04-21,
2010-05-12,
2010-05-15,
2010-05-17,
2010-05-21,
2010-05-22,
2010-06-12,
2010-06-14,
2010-06-19,
2010-06-23,
2010-06-24,
2010-07-05,
2010-07-28,
2010-07-28,
2010-07-31,
2010-08-01,
2010-08-03,
2010-08-09,
2010-08-16,
2010-08-24,
2010-08-24,
2010-08-25,
2010-08-31,
2010-09-03,
2010-09-07,
2010-09-13,
2010-10-06,
2010-10-12,
2010-10-21,
2010-10-25,
2010-10-27,
2010-11-04,
2010-11-05,
2010-11-11,
2010-11-24,
2010-11-28,
2010-12-04,
2010-12-08,
2010-12-15,
2010-12-19,
2010-12-28,
2011-01-01,
2011-01-09,
2011-01-14,
2011-01-20,
2011-02-04,
2011-02-10,
2011-02-12,
2011-02-14,
2011-02-14,
2011-02-18,
2011-03-05,
2011-03-08,
2011-03-16,
2011-03-21,
2011-03-28,
2011-03-31,
2011-04-01,
2011-04-02,
2011-04-04,
2011-05-07,
2011-05-18,
2011-06-20,
2011-07-04,
2011-07-06,
2011-07-08,
2011-07-11,
2011-07-13,
2011-07-26,
2011-07-28,
2011-08-02,
2011-08-09,
2011-08-20,
2011-08-22,
2011-08-28,
2011-09-02,
2011-09-02,
2011-09-03,
2011-09-06,
2011-09-07,
2011-09-09,
2011-09-14,
2011-09-20,
2011-09-22,
2011-09-23,
2011-09-25,
2011-09-29,
2011-10-04,
2011-10-13,
2011-10-14,
2011-10-18,
2011-10-25,
2011-10-27,
2011-11-23,
2012-01-30,
2012-02-12,
2012-02-28,
2012-03-01,
2012-03-15,
2012-03-15,
2012-03-15,
2012-03-22,
2012-04-02,
2012-04-20,
2012-04-21,
2012-05-09,
2012-05-14,
2012-06-02,
2012-06-03,
2012-06-06,
2012-06-10,
2012-06-11,
2012-06-21,
2012-06-23,
2012-06-29,
2012-07-01,
2012-07-12,
2012-07-13,
2012-07-17,
2012-07-22,
2012-07-28,
2012-08-02,
2012-08-19,
2012-08-22,
2012-08-30,
2012-09-12,
2012-09-22,
2012-09-28,
2012-10-07,
2012-10-07,
2012-11-06,
2012-11-09,
2012-11-18,
2012-11-21,
2012-11-25,
2012-11-30,
2012-12-05,
2012-12-09,
2012-12-17,
2012-12-19,
2012-12-22,
2012-12-25,
2012-12-25,
2012-12-29,
2013-01-04,
2013-01-15,
2013-01-23,
2013-01-29,
2013-02-11,
2013-02-13,
2013-02-20,
2013-03-04,
2013-03-04,
2013-03-06,
2013-03-08,
2013-03-17,
2013-03-23,
2013-04-07,
2013-04-27,
2013-04-29,
2013-04-30,
2013-05-03,
2013-05-05,
2013-05-15,
2013-05-24,
2013-06-07,
2013-06-10,
2013-06-28,
2013-06-29,
2013-07-06,
2013-07-07,
2013-08-05,
2013-08-06,
2013-08-09,
2013-08-14,
2013-08-22,
2013-09-09,
2013-09-25,
2013-09-29,
2013-10-03,
2013-10-05,
2013-10-06,
2013-10-10,
2013-10-10,
2013-10-14,
2013-10-16,
2013-10-18,
2013-10-26,
2013-11-03,
2013-11-10,
2013-11-17,
2013-11-19,
2013-11-25,
2013-11-29,
2013-11-29,
2013-12-02,
2013-12-04,
2013-12-11,
2013-12-17,
2013-12-26,
2014-01-05,
2014-01-10,
2014-01-12,
2014-01-18,
2014-01-20,
2014-02-11,
2014-02-16,
2014-02-17,
2014-02-19,
2014-02-21,
2014-03-03,
2014-03-08,
2014-03-28,
2014-04-08,
2014-04-19,
2014-05-08,
2014-05-12,
2014-05-17,
2014-05-27,
2014-05-31,
2014-06-06,
2014-06-07,
2014-06-14,
2014-06-17,
2014-06-18,
2014-06-23,
2014-06-24,
2014-07-02,
2014-07-14,
2014-07-17,
2014-07-23,
2014-07-24,
2014-08-10,
2014-08-13,
2014-08-30,
2014-08-31,
2014-09-14,
2014-09-20,
2014-09-21,
2014-10-20,
2014-10-29,
2014-10-30,
2014-11-09,
2014-11-14,
2014-12-08,
2014-12-12,
2014-12-18,
2014-12-28,
2014-12-28,
2014-12-28,
2015-01-18,
2015-01-20,
2015-01-29,
2015-02-04,
2015-02-11,
2015-03-24,
2015-03-24,
2015-03-26,
2015-04-13,
2015-05-09,
2015-05-16,
2015-05-20,
2015-06-02,
2015-06-08,
2015-06-25,
2015-06-30,
2015-07-31,
2015-07-31,
2015-08-01,
2015-08-16,
2015-08-16,
2015-08-20,
2015-08-20,
2015-08-29,
2015-09-05,
2015-09-15,
2015-10-02,
2015-10-02,
2015-10-03,
2015-10-12,
2015-10-14,
2015-10-22,
2015-10-31,
2015-11-04,
2015-11-10,
2015-11-10,
2015-12-07,
2015-12-11,
2015-12-22,
2015-12-23,
2015-12-24,
2016-01-08,
2016-01-18,
2016-02-02,
2016-02-06,
2016-02-10,
2016-02-24,
2016-03-09,
2016-03-15,
2016-03-16,
2016-03-19,
2016-04-01,
2016-04-06,
2016-04-13,
2016-04-30,
2016-05-18,
2016-06-16,
2016-06-26,
2016-06-30,
2016-07-01,
2016-07-11,
2016-07-20,
2016-07-22,
2016-07-31,
2016-08-03,
2016-08-16,
2016-08-31,
2016-09-30,
2016-10-02,
2016-10-13,
2016-10-24,
2016-11-28,
2016-12-03,
2016-12-05,
2016-12-07,
2016-12-18,
